variant_name,variant_type,gene,selection_intensity,loglikelihood,included_with_variant,included_total,ci_low_95,ci_high_95,variant_id,held_out,uncovered,cohort
10:126458641 G>T,snv,C10orf90,222882.11588172,-11.5681998548483,2,493,37060.6438244988,688227.561331194,10:126458641_G>T,0,0,CLCA
10:128928589 G>T,snv,G011898,89308.6405121587,-10.8120922307927,2,493,14850.1034548132,275774.842370872,10:128928589_G>T,0,0,CLCA
10:128932450 A>T,snv,G011898,69116.018681079,-11.9425390177823,2,493,11492.5570617025,213419.801017911,10:128932450_A>T,0,0,CLCA
10:129440913 C>A,snv,G011921,42599.6688614209,-12.8860708258588,2,493,7083.44379879926,131541.019646583,10:129440913_C>A,0,0,CLCA
10:133206954 G>T,snv,KNDC1,388809.348579223,-10.3111162671854,2,480,64650.4646595012,1200604.63911952,10:133206954_G>T,13,0,CLCA
10:22475930 T>C,snv,G008738,624851.137064807,-12.9909011393305,2,493,103899.657720869,1929436.0349356,10:22475930_T>C,0,0,CLCA
10:87818505 G>T,snv,CFL1P1,155959.888242302,-11.3352321590653,2,493,25932.8566801102,481582.171383506,10:87818505_G>T,0,0,CLCA
10:88285214 T>A,snv,RNLS,82700.839184001,-13.2612636275995,2,493,13751.4479187455,255366.878252157,10:88285214_T>A,0,0,CLCA
10:95907861 G>T,snv,ENTPD1-AS1,638589.646562498,-12.5272539152896,2,493,106184.011931048,1971879.11845967,10:95907861_G>T,0,0,CLCA
11:106685873 A>T,snv,GUCY1A2,151501.559754758,-11.929214028259,2,493,25191.537934437,467814.756183776,11:106685873_A>T,0,0,CLCA
11:113447651 A>T,snv,DRD2,132620.706210285,-11.3913372942044,2,493,22051.9869838053,409516.412547664,11:113447651_A>T,0,0,CLCA
11:118531612 G>T,snv,TMEM25,61289.1434761077,-11.6608150519913,2,493,10191.0988435635,189252.102187174,11:118531612_G>T,0,0,CLCA
11:119121442 G>T,snv,HINFP,265517.759068304,-11.5876613175068,2,493,44149.9243737204,819884.776938184,11:119121442_G>T,0,0,CLCA
11:121632936 A>G,snv,SORL1,257820.953747066,-12.9951412395174,2,493,42870.3214116442,796110.391827003,11:121632936_A>G,0,0,CLCA
11:126441012 A>G,snv,KIRREL3,257849.130059167,-14.5254960012626,2,493,42874.8836841848,796193.314582409,11:126441012_A>G,0,0,CLCA
11:131533863 T>C,snv,AP003025.2,235300.814626588,-11.5358139750862,2,493,39125.6224385796,726575.036407495,11:131533863_T>C,0,0,CLCA
11:132416574 A>G,snv,OPCML,409061.760102523,-12.8442356091927,2,493,68018.5072229935,1263116.77713198,11:132416574_A>G,0,0,CLCA
11:134504630 G>T,snv,RP11-627G23.1,79909.0206192389,-11.4786658722579,2,493,13287.2015842785,246747.655039512,11:134504630_G>T,0,0,CLCA
11:17382193 C>A,snv,NCR3LG1,377465.8454696,-13.7009638154328,2,493,62764.7013584914,1165551.07997406,11:17382193_C>A,0,0,CLCA
11:17382487 G>A,snv,KCNJ11,316188.678074905,-13.8199579228932,2,493,52575.8680148057,976343.047624562,11:17382487_G>A,0,0,CLCA
11:204939 C>A,snv,BET1L,244815.216387402,-11.5286273119155,2,493,40707.5493292734,755957.261109244,11:204939_C>A,0,0,CLCA
11:33669493 T>A,snv,KIAA1549L,522760.754549664,-12.4262667280398,2,493,86924.3338504688,1614204.31795537,11:33669493_T>A,0,0,CLCA
11:4572185 T>A,snv,C11orf40,222881.222416766,-10.8627913347013,2,493,37060.3917308326,688228.849753561,11:4572185_T>A,0,0,CLCA
11:45909726 C>T,snv,MAPK8IP1,133446.481897582,-12.5585277182522,2,493,22189.3932502209,412061.655298151,11:45909726_C>T,0,0,CLCA
11:60660767 A>T,snv,LINC00301,194792.990510124,-12.1687540099792,2,493,32390.0031141414,601491.537959134,11:60660767_A>T,0,0,CLCA
11:65435013 A>G,snv,NEAT1,210016.611437225,-12.067697820808,2,493,34921.2825161395,648503.070859462,11:65435013_A>G,0,0,CLCA
11:75167688 G>T,snv,SLCO2B1,94101.4322488476,-12.3461340925749,2,493,15647.1260516236,290570.663044938,11:75167688_G>T,0,0,CLCA
11:77102789 A>T,snv,CAPN5,88584.8473273689,-11.7307171997333,2,493,14729.7296269806,273541.026550531,11:77102789_A>T,0,0,CLCA
11:8566804 T>G,snv,STK33,407564.419018947,-11.3128006154859,2,493,67768.8214248202,1258531.04692573,11:8566804_T>G,0,0,CLCA
11:8868034 G>A,snv,ST5,183463.504102587,-14.2521690609663,2,493,30506.1051768028,566503.611896567,11:8868034_G>A,0,0,CLCA
12:108547773 T>C,snv,SART3,375524.988781724,-13.9891675426936,2,493,62441.9587279091,1159557.3554336,12:108547773_T>C,0,0,CLCA
12:109047609 C>A,snv,USP30,116421.219895496,-13.3721647189486,2,493,19358.4430753631,359491.761180457,12:109047609_C>A,0,0,CLCA
12:113821248 T>A,snv,RBM19,184819.530208574,-11.250689013739,2,493,30731.4517037649,570704.308054588,12:113821248_T>A,0,0,CLCA
12:128813176 T>C,snv,SLC15A4,235221.996837338,-12.0714579745055,2,493,39112.5173077163,726328.986413223,12:128813176_T>C,0,0,CLCA
12:12916406 A>G,snv,GPRC5A,249097.951352668,-18.4191366620377,3,493,61947.8084198573,645937.735985798,12:12916406_A>G,0,0,CLCA
12:45849578 A>T,snv,ARID2,223137.303672589,-10.7769978986409,2,466,37102.8794331862,689024.47434696,12:45849578_A>T,27,0,CLCA
12:52615508 A>T,snv,KRT73,196508.473182383,-13.0615411146885,2,493,32675.3868721033,606787.963577493,12:52615508_A>T,0,0,CLCA
12:52836044 A>T,snv,KRT79,93166.8146224484,-11.5532804850014,2,493,15491.6822634899,287685.712858983,12:52836044_A>T,0,0,CLCA
12:53946426 T>A,snv,HOXC13,141805.547365393,-13.6642555266231,2,493,23579.3221913467,437872.316750037,12:53946426_T>A,0,0,CLCA
12:57487984 G>T,snv,MARS,110613.663289755,-11.0404074433208,2,493,18392.7072512267,341560.410416643,12:57487984_G>T,0,0,CLCA
12:6752336 C>G,snv,MLF2,424412.60640941,-12.9135764918264,2,493,70570.874023103,1310514.51464615,12:6752336_C>G,0,0,CLCA
13:105460010 C>T,snv,DAOA-AS1,232366.945029025,-14.0000644342409,2,493,38637.8363775786,717511.021644082,13:105460010_C>T,0,0,CLCA
13:21607179 G>A,snv,MICU2,149988.397642888,-12.4992385217949,2,493,24939.9551788498,463140.290646482,13:21607179_G>A,0,0,CLCA
13:31742291 T>C,snv,RXFP2,437620.6271838,-12.6107695591736,2,493,72767.2239961327,1351302.19888275,13:31742291_T>C,0,0,CLCA
13:40536748 G>C,snv,AL133318.1,997752.552235623,-13.2296781413034,2,493,165906.147333255,3080930.04517639,13:40536748_G>C,0,0,CLCA
13:46052727 C>A,snv,ZC3H13,198218.391512046,-10.7982341951851,2,493,32959.4819011652,612073.762236476,13:46052727_C>A,0,0,CLCA
13:53432294 A>T,snv,G022122,406084.34108985,-11.4145638378349,2,493,67523.3152887836,1253932.44767524,13:53432294_A>T,0,0,CLCA
14:21437313 C>A,snv,CHD8,1117950.99194399,-14.7360462908465,2,493,185888.610910651,3452005.74252215,14:21437313_C>A,0,0,CLCA
14:23645411 C>T,snv,DHRS2,296774.176190603,-11.4733604068735,2,493,49346.8998915312,916417.331167649,14:23645411_C>T,0,0,CLCA
14:24425887 T>G,snv,KHNYN,319176.075103739,-12.1953372992609,2,493,53072.3690491088,985570.962130736,14:24425887_T>G,0,0,CLCA
14:28769539 A>C,snv,FOXG1,710064.917257456,-12.49411389272,2,493,118069.198688532,2192570.3779373,14:28769539_A>C,0,0,CLCA
14:39181988 A>G,snv,PNN,269469.814384019,-17.0572523183526,3,493,67013.8450198375,698765.848468373,14:39181988_A>G,0,0,CLCA
14:65102259 C>G,snv,MAX,254171.202234066,-13.3132056087264,2,493,42263.3834842889,784838.468487248,14:65102259_C>G,0,0,CLCA
14:68978333 C>A,snv,ACTN1,169247.631876597,-13.1682091585109,2,493,28142.4020410487,522609.831984261,14:68978333_C>A,0,0,CLCA
14:73246044 T>A,snv,PAPLN,88606.8021154061,-11.7454519538064,2,493,14733.3676717857,273608.755769856,14:73246044_T>A,0,0,CLCA
14:87941560 T>A,snv,GALC,74864.9648056387,-10.2843389301944,2,488,12448.3950244529,231176.212053211,14:87941560_T>A,5,0,CLCA
14:90397012 G>T,snv,CALM1,73323.5856030575,-16.3829640831664,2,493,12192.1693858263,226410.490150818,14:90397012_G>T,0,0,CLCA
14:91731945 G>T,snv,CATSPERB,278356.702447267,-10.3395985782084,2,493,46284.4680450821,859544.969569839,14:91731945_G>T,0,0,CLCA
14:94323284 G>A,snv,SERPINA6,233336.787360835,-12.9637271759272,2,493,38799.0706618809,720506.492832491,14:94323284_G>A,0,0,CLCA
14:97926425 C>T,snv,C14orf64,131472.632566005,-12.4130787351238,2,493,21861.1771468595,405967.721091382,14:97926425_C>T,0,0,CLCA
15:25111215 A>T,snv,SNHG14,269622.333027503,-12.2057299660238,2,493,44832.6232854909,832552.230813795,15:25111215_A>T,0,0,CLCA
15:39254840 T>A,snv,C15orf54,165458.948948624,-14.388153130971,2,493,27512.410022973,510911.248777122,15:39254840_T>A,0,0,CLCA
15:40953401 C>A,snv,CHAC1,325372.350576392,-11.9912572640103,2,493,54102.559539912,1004703.89322696,15:40953401_C>A,0,0,CLCA
15:41769699 A>G,snv,MGA,696845.335349531,-12.6245091319192,2,493,115871.104590396,2151757.1861578,15:41769699_A>G,0,0,CLCA
15:42314471 T>C,snv,GANC,325164.645777434,-12.3066314070184,2,493,54068.1482989018,1004058.57053936,15:42314471_T>C,0,0,CLCA
15:68635486 A>T,snv,CORO2B,49199.7910223577,-10.1065241712558,2,493,8180.82675625935,151925.319416462,15:68635486_A>T,0,0,CLCA
15:69095069 A>G,snv,LINC00277,492937.348830368,-12.6450784312632,2,493,81965.2593578805,1522111.89942247,15:69095069_A>G,0,0,CLCA
15:69452861 A>G,snv,RPLP1,420010.705125843,-11.6658100267932,2,493,69839.0819748148,1296933.79496725,15:69452861_A>G,0,0,CLCA
15:70881559 T>A,snv,THAP10,163788.140172066,-10.2023112177362,2,493,27234.335295767,505763.309561989,15:70881559_T>A,0,0,CLCA
15:98964213 T>A,snv,IGF1R,445268.096254364,-13.5176463673892,2,493,74038.8553096301,1374916.3718489,15:98964213_T>A,0,0,CLCA
16:22001161 A>T,snv,PDZD9,163980.662775434,-13.8843982644874,2,493,27266.5504018777,506344.439015152,16:22001161_A>T,0,0,CLCA
16:2497578 G>T,snv,TBC1D24,279117.63283663,-15.8604830644568,3,493,69412.8816498859,723788.465169951,16:2497578_G>T,0,0,CLCA
16:35506947 C>A,snv,RP11-80F22.2,259752.76100757,-12.6339337964001,2,493,43191.2672029819,802082.848775057,16:35506947_C>A,0,0,CLCA
16:56937081 G>T,snv,HERPUD1,171122.278473187,-14.6741439019131,2,493,28454.0085913639,528395.701766144,16:56937081_G>T,0,0,CLCA
16:58515497 C>A,snv,SETD6,559774.752743525,-11.7356418717499,2,493,93079.0010229965,1728503.70458161,16:58515497_C>A,0,0,CLCA
16:61055720 A>T,snv,RP11-51O6.1,118393.964655805,-12.0376658800513,2,493,19686.4593770834,365582.416717434,16:61055720_A>T,0,0,CLCA
16:66478920 C>A,snv,BEAN1,204601.808867056,-11.8329293906506,2,493,34021.0380564815,631780.465354928,16:66478920_C>A,0,0,CLCA
16:71845900 G>T,snv,ATXN1L,479867.782444153,-12.373118222514,2,493,79792.0248216784,1481756.72336772,16:71845900_G>T,0,0,CLCA
16:85147776 C>A,snv,LINC02139,264253.57429452,-12.2183754041944,2,493,43939.8862657774,815974.583498014,16:85147776_C>A,0,0,CLCA
16:89560506 C>A,snv,RPL13,94407.5292593432,-13.3721003555682,2,493,15698.0347190866,291515.282986772,16:89560506_C>A,0,0,CLCA
17:10741572 G>T,snv,CTC-297N7.5,60076.9251258853,-11.9491478214086,2,493,9989.53813881461,185508.632963526,17:10741572_G>T,0,0,CLCA
17:18326075 T>A,snv,SHMT1,610663.740204063,-14.7653994953928,2,493,101540.618797881,1885625.10140569,17:18326075_T>A,0,0,CLCA
17:21405658 T>A,snv,KCNJ12,90175.3495161354,-12.2975393381908,2,493,14994.2859936824,278447.443609429,17:21405658_T>A,0,0,CLCA
17:42116806 C>A,snv,KAT2A,93833.6336183311,-12.9416417220882,2,493,15602.601133198,289743.56537068,17:42116806_C>A,0,0,CLCA
17:42841603 C>T,snv,AOC2,604438.469631248,-12.7762526900903,2,493,100505.556727509,1866407.85585461,17:42841603_C>T,0,0,CLCA
17:49414999 A>T,snv,PHB,41166.1659415172,-10.0783641239839,2,493,6845.00984937833,127118.023454413,17:49414999_A>T,0,0,CLCA
17:49415037 C>T,snv,PHB,66860.7210954659,-12.8019695907346,2,493,11117.5590363088,206455.238849478,17:49415037_C>T,0,0,CLCA
17:5485984 C>A,snv,DERL2,163469.809571606,-11.0292863010249,2,493,27181.5561870167,504772.976977346,17:5485984_C>A,0,0,CLCA
17:5587617 T>C,snv,NLRP1,196151.358508686,-12.6395576107639,2,493,32615.8974444756,605684.069773055,17:5587617_T>C,0,0,CLCA
17:58981625 C>A,snv,PPM1E,427072.033988545,-9.88338780115565,2,493,71012.3694242295,1318770.75002751,17:58981625_C>A,0,0,CLCA
17:63827174 T>A,snv,FTSJ3,277607.635198955,-10.2277682416563,2,493,46160.0276025722,857226.442837305,17:63827174_T>A,0,0,CLCA
17:66415519 G>T,snv,RP11-4F22.2,743002.867892558,-12.3166072707951,2,493,123545.655661659,2294271.88103543,17:66415519_G>T,0,0,CLCA
17:6685224 G>T,snv,SLC13A5,501672.068127432,-13.510841210213,2,493,83417.3418667674,1549074.33884915,17:6685224_G>T,0,0,CLCA
17:74541322 A>T,snv,CD300C,135834.42971087,-11.401195744105,2,493,22586.4084035669,419437.812248508,17:74541322_A>T,0,0,CLCA
17:7673839 T>A,snv,TP53,467746.442573572,-19.6539404849627,3,243,116322.633258219,1212911.61382306,17:7673839_T>A,250,0,CLCA
17:7674292 T>A,snv,TP53,307453.959785407,-8.8252419069715,2,242,51120.9963922615,949474.479838634,17:7674292_T>A,251,0,CLCA
17:7674973 T>A,snv,TP53,305898.086513041,-8.22076392244714,2,242,50861.081480547,944726.442265129,17:7674973_T>A,251,0,CLCA
17:7676274 T>A,snv,TP53,224173.695931486,-10.1169894788361,2,242,37274.9435679157,692236.75574163,17:7676274_T>A,251,0,CLCA
17:77880549 T>C,snv,FLJ45079,1037434.87512355,-12.6771081487067,2,493,172503.640834093,3203427.46085763,17:77880549_T>C,0,0,CLCA
17:78184573 G>C,snv,TK1,692171.279325115,-11.7907228731406,2,493,115093.56995385,2137319.50147468,17:78184573_G>C,0,0,CLCA
17:78826843 G>A,snv,USP36,553053.443816731,-13.3711895263763,2,493,91961.3689934911,1707739.4990517,17:78826843_G>A,0,0,CLCA
17:79936067 C>A,snv,TBC1D16,890344.894297929,-12.8318233951476,2,493,148046.192724993,2749249.6099899,17:79936067_C>A,0,0,CLCA
17:8152475 C>A,snv,PER1,166232.266660363,-17.3698466951382,3,493,41339.8348462165,431060.772122008,17:8152475_C>A,0,0,CLCA
18:24628149 A>T,snv,RP11-449D8.1,104237.290477324,-9.99296820524264,2,493,17332.3229831789,321877.046147452,18:24628149_A>T,0,0,CLCA
18:5519327 T>A,snv,EPB41L3,88852.3658501429,-10.4879894086779,2,493,14774.2214600952,274366.362178447,18:5519327_T>A,0,0,CLCA
18:61554697 G>A,snv,CDH20,188662.755443303,-13.8916894524788,2,493,31370.7163930278,582559.589001429,18:61554697_G>A,0,0,CLCA
18:6733908 T>A,snv,ARHGAP28,81619.4509777765,-11.565265959088,2,493,13571.5938538863,252029.633932953,18:6733908_T>A,0,0,CLCA
19:1206612 G>T,snv,STK11,114840.256802714,-12.1186375135431,2,493,19095.4793893334,354611.44675229,19:1206612_G>T,0,0,CLCA
19:12610831 C>A,snv,ZNF490,147336.584548499,-13.1927171382338,2,493,24498.9401399335,454956.871341675,19:12610831_C>A,0,0,CLCA
19:1383547 G>T,snv,NDUFS7,193677.601643043,-10.5070509294246,2,493,32204.3986352699,598055.482057834,19:1383547_G>T,0,0,CLCA
19:16293651 G>C,snv,CTD-2562J15.6,217214.547329134,-13.1629887342037,2,493,36118.3055839137,670725.729194788,19:16293651_G>C,0,0,CLCA
19:17989628 C>G,snv,KCNN1,296191.118366769,-14.196255285355,2,493,49250.5303159092,914590.824806596,19:17989628_C>G,0,0,CLCA
19:18744957 A>T,snv,CRTC1,49320.8617932153,-10.6447044135672,2,493,8200.96963267876,152298.579706589,19:18744957_A>T,0,0,CLCA
19:2019765 A>G,snv,BTBD2,224646.910184152,-12.4812153943635,2,493,37354.0848586112,693675.811764894,19:2019765_A>G,0,0,CLCA
19:2042346 T>A,snv,MKNK2,99618.0805724371,-12.8948942974371,2,493,16564.3198474813,307608.190689504,19:2042346_T>A,0,0,CLCA
19:28461306 A>T,snv,AC005307.3,152174.80473573,-10.2005973800625,2,493,25303.3003655795,469901.929392396,19:28461306_A>T,0,0,CLCA
19:34228080 A>G,snv,LSM14A,285533.457180848,-12.0225092177671,2,493,47478.2610765926,881683.158302662,19:34228080_A>G,0,0,CLCA
19:3985486 T>A,snv,EEF2,397032.069242603,-20.3675275538259,3,493,98737.2207259402,1029542.94293808,19:3985486_T>A,0,0,CLCA
19:4247017 T>A,snv,CCDC94,266434.227288242,-11.0696391082053,2,493,44302.3317393673,822713.066399362,19:4247017_T>A,0,0,CLCA
19:43575722 C>G,snv,XRCC1,587498.332861937,-13.8516832148646,2,493,97688.46584043,1814090.9013358,19:43575722_C>G,0,0,CLCA
19:45351379 C>A,snv,ERCC2,573247.494168456,-12.0188599840086,2,493,95319.2090447653,1770101.88781822,19:45351379_C>A,0,0,CLCA
19:49664631 C>A,snv,IRF3,207661.478292451,-10.4025659260739,2,493,34529.5815796194,641237.885966913,19:49664631_C>A,0,0,CLCA
19:50051162 G>T,snv,CTD-2126E3.1,479463.840423149,-12.5781085821401,2,493,79724.9890924816,1480510.21247596,19:50051162_G>T,0,0,CLCA
19:51417704 C>A,snv,SIGLEC10,175932.286392109,-13.6683054012968,2,493,29253.9300631716,543250.541591142,19:51417704_C>A,0,0,CLCA
19:51611907 G>A,snv,SIGLEC5,197490.548298026,-11.361459613945,2,493,32838.5434336354,609823.018489545,19:51611907_G>A,0,0,CLCA
19:52225859 A>T,snv,PPP2R1A,128283.236080314,-9.71397691146132,2,493,21330.5496460973,396133.004656531,19:52225859_A>T,0,0,CLCA
19:5287616 C>A,snv,PTPRS,210045.839655871,-11.5182192793759,2,493,34926.17083869,648596.566080397,19:5287616_C>A,0,0,CLCA
19:6720674 T>A,snv,C3,1055548.45663064,-18.4709608143721,3,493,262501.320652852,2737138.93527873,19:6720674_T>A,0,0,CLCA
19:800672 C>G,snv,PTBP1,1402025.80160585,-15.4542906193693,2,493,233128.476592978,4329231.20830214,19:800672_C>G,0,0,CLCA
1:109764288 T>A,snv,EPS8L3,282236.356593306,-10.6864925355044,2,493,46929.820766162,871511.80280076,1:109764288_T>A,0,0,CLCA
1:1116298 A>T,snv,C1orf159,73172.4862919502,-10.084344071618,2,493,12166.9523388133,225950.827737287,1:1116298_A>T,0,0,CLCA
1:111982947 G>T,snv,KCND3,358652.728889954,-12.5458532216941,2,493,59636.5004874763,1107465.63986521,1:111982947_G>T,0,0,CLCA
1:113198368 A>T,snv,RP11-389O22.5,315769.179794224,-13.5417180619684,2,493,52505.8459043024,975044.842217292,1:113198368_A>T,0,0,CLCA
1:114716756 C>A,snv,NRAS,448247.796789883,-15.3878565489226,3,493,111472.978896362,1162373.4466213,1:114716756_C>A,0,0,CLCA
1:114749971 T>C,snv,CSDE1,674183.960415422,-11.9210694329865,2,493,112102.836813968,2081781.89827966,1:114749971_T>C,0,0,CLCA
1:115034808 T>A,snv,TSHB,95540.8553350762,-11.0930760608138,2,493,15886.4055209332,295017.933618959,1:115034808_T>A,0,0,CLCA
1:12124971 A>G,snv,TNFRSF8,389106.331118465,-12.9409742651851,2,493,64700.2920591928,1201496.8497422,1:12124971_A>G,0,0,CLCA
1:154497133 G>C,snv,SHE,737013.517544041,-14.1436297007954,2,493,122548.682994691,2275755.34370706,1:154497133_G>C,0,0,CLCA
1:158997026 T>A,snv,IFI16,224682.759541326,-11.7449452722939,2,493,37359.9539296454,693790.666242158,1:158997026_T>A,0,0,CLCA
1:163147267 T>C,snv,RGS5,107242.211111043,-12.5788904063156,2,493,17832.1644114501,331147.002221329,1:163147267_T>C,0,0,CLCA
1:164775226 G>T,snv,PBX1,437088.236313628,-13.3414976393014,2,493,72678.5664267655,1349653.74864988,1:164775226_G>T,0,0,CLCA
1:175319834 T>G,snv,TNR,725265.428234752,-14.7206896296789,2,493,120596.596852763,2239497.59830113,1:175319834_T>G,0,0,CLCA
1:181799447 A>T,snv,CACNA1E,201629.009637359,-11.701245351616,2,493,33526.6979239829,622600.398155296,1:181799447_A>T,0,0,CLCA
1:188218534 C>T,snv,RP11-201A3.1,252101.650304275,-12.2811024702256,2,493,41919.2586679581,778451.088064703,1:188218534_C>T,0,0,CLCA
1:204516449 G>T,snv,MDM4,222587.425820167,-11.8015089452404,2,493,37011.6649502621,687317.380329259,1:204516449_G>T,0,0,CLCA
1:210243924 A>G,snv,SERTAD4,90526.4876212575,-12.4615703600004,2,493,15052.6855673747,279531.98229316,1:210243924_A>G,0,0,CLCA
1:214027680 C>G,snv,PROX1,2839720.92418274,-27.2341558287403,4,493,881589.734208187,6596872.34288256,1:214027680_C>G,0,0,CLCA
1:222522318 G>C,snv,HHIPL2,2341869.93706572,-12.9673889600102,2,493,389403.008312195,7231318.4093042,1:222522318_G>C,0,0,CLCA
1:23132106 C>A,snv,LUZP1,384581.456478552,-13.1152669481019,2,493,63947.9769379827,1187525.67224651,1:23132106_C>A,0,0,CLCA
1:245153689 G>T,snv,KIF26B,1213926.63885819,-13.340420811791,2,493,201852.241214867,3748431.4853041,1:245153689_G>T,0,0,CLCA
1:247531115 G>A,snv,OR2C3,156916.437815971,-13.5961163570792,2,493,26091.9533583032,484531.996421366,1:247531115_G>A,0,0,CLCA
1:248122488 T>A,snv,OR2M1P,536363.174506173,-13.3756096779633,2,493,89186.2965179851,1656205.51725327,1:248122488_T>A,0,0,CLCA
1:248859006 G>T,snv,ZNF692,179080.678071157,-13.6985262841169,2,493,29777.4291036507,552972.168417625,1:248859006_G>T,0,0,CLCA
1:32292026 G>T,snv,HDAC1,152325.779756235,-10.5148856662145,2,493,25328.4729424389,470364.991306095,1:32292026_G>T,0,0,CLCA
1:40861335 G>T,snv,CITED4,177234.828928018,-14.6104131272186,2,493,29470.4776202399,547271.425179854,1:40861335_G>T,0,0,CLCA
1:43372664 T>C,snv,ELOVL1,138950.75691513,-12.8621607959161,2,493,23104.6430149185,429057.707788164,1:43372664_T>C,0,0,CLCA
1:52993973 A>G,snv,SCP2,201791.256759907,-12.5567411350218,2,493,33553.7195483625,623099.699718302,1:52993973_A>G,0,0,CLCA
1:67430342 G>A,snv,SERBP1,615474.918508524,-28.9858113504218,5,493,220709.451294705,1322832.52990416,1:67430342_G>A,0,0,CLCA
1:9347648 C>T,snv,SPSB1,365650.934089924,-15.5422852698554,2,493,60800.2985322572,1129070.746871,1:9347648_C>T,0,0,CLCA
1:93585007 C>A,snv,BCAR3,276727.44036819,-13.8575830915689,2,493,46014.1476934255,854490.378629989,1:93585007_C>A,0,0,CLCA
1:93867825 T>A,snv,DNTTIP2,444771.758879224,-12.9001358588328,2,493,73956.6391366429,1373389.00851092,1:93867825_T>A,0,0,CLCA
20:35039398 T>A,snv,TRPC4AP,103262.838673783,-11.0535777646707,2,493,17170.4114890889,318862.62764907,20:35039398_T>A,0,0,CLCA
20:3872754 G>C,snv,MAVS,883805.017665029,-12.4811390100737,2,493,146959.031560242,2729063.22753737,20:3872754_G>C,0,0,CLCA
20:45934604 C>A,snv,PCIF1,114557.066799302,-11.6085138955007,2,493,19048.4445080236,353735.454824993,20:45934604_C>A,0,0,CLCA
20:47984094 T>A,snv,RP11-347D21.4,107760.985677338,-11.2584568459258,2,493,17918.2991892996,332754.904531642,20:47984094_T>A,0,0,CLCA
20:54588685 A>T,snv,DOK5,69737.6585527185,-11.1434211755426,2,488,11595.8650536273,215342.306202062,20:54588685_A>T,5,0,CLCA
20:56409746 A>T,snv,CASS4,137179.287124787,-10.0448724206904,2,493,22809.8404451532,423599.29195461,20:56409746_A>T,0,0,CLCA
20:6038384 A>T,snv,CRLS1,79966.9742503915,-10.2151268276395,2,493,13296.7430850529,246931.14405073,20:6038384_A>T,0,0,CLCA
21:29596625 G>A,snv,GRIK1-AS2,206748.269477128,-14.5915787771257,2,493,34378.2307058261,638411.937746989,21:29596625_G>A,0,0,CLCA
21:31669187 T>C,snv,SOD1,126030.006586173,-13.5220829315798,2,493,20956.2153861751,389160.55986664,21:31669187_T>C,0,0,CLCA
21:32001960 A>T,snv,HUNK,195462.1703855,-11.8379268548599,2,493,32501.2826786529,603559.179361123,21:32001960_A>T,0,0,CLCA
21:32793730 A>G,snv,C21orf62,530789.050753523,-13.4748592018741,2,493,88259.1942097869,1638990.42412428,21:32793730_A>G,0,0,CLCA
21:38810868 A>G,snv,ETS2,218999.047887541,-13.325931157922,2,493,36415.01024701,676233.63318789,21:38810868_A>G,0,0,CLCA
22:39316624 C>A,snv,RPL3,106360.440486354,-10.9637598922511,2,493,17685.4725453999,328427.641835737,22:39316624_C>A,0,0,CLCA
2:100138139 T>A,snv,AFF3,137650.065378093,-12.0753869019056,2,493,22888.3032952704,425044.317346994,2:100138139_T>A,0,0,CLCA
2:106802902 T>A,snv,ST6GAL2,45570.8657131225,-11.0234383766021,2,493,7577.45827309627,140717.323959324,2:106802902_T>A,0,0,CLCA
2:108449126 C>A,snv,GCC2,548345.572109171,-10.1009859585414,2,493,91177.7230945786,1693246.54746341,2:108449126_C>A,0,0,CLCA
2:120470483 G>C,snv,LINC01101,955815.009949037,-14.7625833555463,2,493,158933.90158098,2951427.38446353,2:120470483_G>C,0,0,CLCA
2:144520823 A>T,snv,ZEB2-AS1,97295.1191959888,-11.0844117881358,2,493,16178.1108042323,300434.325847137,2:144520823_A>T,0,0,CLCA
2:145330380 T>A,snv,AC064865.1,60325.4596990702,-10.5196136668369,2,493,10030.7830374182,186279.93329542,2:145330380_T>A,0,0,CLCA
2:157529896 T>A,snv,ACVR1C,142814.363078578,-15.0104300623356,2,493,23747.0816720604,440986.949822728,2:157529896_T>A,0,0,CLCA
2:172860077 A>T,snv,RAPGEF4,171869.178901665,-10.6346537301785,2,493,28578.1387539029,530711.980332099,2:172860077_A>T,0,0,CLCA
2:175903730 T>A,snv,AC016751.3,98682.4297329379,-10.5166102792776,2,493,16408.7349143512,304721.244152895,2:175903730_T>A,0,0,CLCA
2:177263546 C>A,snv,NFE2L2,339998.068030683,-10.6942183741456,2,493,56534.3772610981,1049875.87810069,2:177263546_C>A,0,0,CLCA
2:178396938 A>T,snv,OSBPL6,302085.608226131,-13.5767107136193,2,493,50230.6551299152,932792.259569895,2:178396938_A>T,0,0,CLCA
2:18560691 G>T,snv,NT5C1B,221127.203907068,-11.4252444257089,2,493,36768.8095486784,682809.613014227,2:18560691_G>T,0,0,CLCA
2:197500409 A>G,snv,HSPE1,335885.361097179,-12.9029062891611,2,493,55850.8124468493,1037160.66384403,2:197500409_A>G,0,0,CLCA
2:200585967 C>G,snv,AOX1,2388021.28452139,-15.1941327449079,2,493,397083.381082449,7373909.96844556,2:200585967_C>G,0,0,CLCA
2:202871805 C>A,snv,ICA1L,446807.243009439,-11.5139153174915,2,493,74294.6002229111,1379677.08914831,2:202871805_C>A,0,0,CLCA
2:206643520 A>T,snv,AC010731.4,227028.641160165,-13.1695072382377,2,493,37750.1232495423,701026.614191531,2:206643520_A>T,0,0,CLCA
2:21688401 A>T,snv,AC018742.1,381218.199254351,-13.3002433924875,2,493,63388.6509794225,1177139.46403636,2:21688401_A>T,0,0,CLCA
2:227554872 C>G,snv,AGFG1,1099691.28247162,-12.7542469955017,2,493,182855.95507793,3395671.23897025,2:227554872_C>G,0,0,CLCA
2:230987402 T>C,snv,SPATA3-AS1,375454.309834189,-11.8046412086811,2,493,62430.2715868141,1159347.28776289,2:230987402_T>C,0,0,CLCA
2:238167552 C>T,snv,ILKAP,130247.766542346,-16.5305971522684,2,493,21657.6030814431,402184.941386472,2:238167552_C>T,0,0,CLCA
2:25733951 G>A,snv,ASXL2,569408.220524009,-14.50446244004,2,493,94680.6514185924,1758234.56808662,2:25733951_G>A,0,0,CLCA
2:28384770 T>A,snv,AC104695.3,129967.812363669,-10.9947575948634,2,493,21610.8108963493,401328.227661229,2:28384770_T>A,0,0,CLCA
2:50347233 C>G,snv,NRXN1,892073.739133705,-12.6804961811746,2,493,148333.841216065,2754589.48148698,2:50347233_C>G,0,0,CLCA
2:66579056 C>T,snv,AC007392.3,74555.3795713069,-13.1305443458243,2,493,12397.0252248774,230215.035723012,2:66579056_C>T,0,0,CLCA
2:69470210 T>C,snv,AAK1,17543.5467248141,-12.6383862319767,2,493,2917.12987160072,54171.714953705,2:69470210_T>C,0,0,CLCA
2:69829720 G>T,snv,GMCL1,302470.094505444,-10.3985005989886,2,493,50294.0682299489,934001.308506908,2:69829720_G>T,0,0,CLCA
3:119525080 A>G,snv,CD80,179037.242058422,-11.7268249246155,2,493,29770.135302303,552841.568825374,3:119525080_A>G,0,0,CLCA
3:125375473 G>T,snv,ZNF148,372720.254336957,-11.2375208615121,2,493,61975.5756738999,1150909.33478248,3:125375473_G>T,0,0,CLCA
3:129183908 T>C,snv,CNBP,134218.099959058,-12.5924097057537,2,493,22317.6869486921,414444.027636218,3:129183908_T>C,0,0,CLCA
3:130345875 C>A,snv,COL6A5,245667.516060246,-12.4688075784892,2,493,40849.2402420252,758587.484585286,3:130345875_C>A,0,0,CLCA
3:136956105 A>T,snv,IL20RB,49953.1035026849,-10.4723576046851,2,493,8306.12200643268,154249.853946612,3:136956105_A>T,0,0,CLCA
3:138653763 T>G,snv,PIK3CB,4052882.73086639,-12.7347938758934,2,493,673899.484522038,12514455.9412594,3:138653763_T>G,0,0,CLCA
3:138653772 A>C,snv,PIK3CB,2702865.19634222,-17.0915181338997,3,493,672155.269195462,7009113.09988949,3:138653772_A>C,0,0,CLCA
3:151212539 C>T,snv,P2RY14,180234.495982093,-14.1041928052623,2,493,29969.3670723972,556537.677216932,3:151212539_C>T,0,0,CLCA
3:160499865 T>C,snv,KPNA4,313843.392383646,-13.9325487754097,2,493,52185.7342050936,969098.679944909,3:160499865_T>C,0,0,CLCA
3:161817086 T>A,snv,RP11-774I5.1,95458.33189057,-11.4583322064638,2,493,15872.6897561518,294763.212993783,3:161817086_T>A,0,0,CLCA
3:16601451 A>C,snv,DAZL,321589.186740039,-14.0869019224914,2,493,53473.6253490078,993014.103989203,3:16601451_A>C,0,0,CLCA
3:179787999 A>T,snv,USP13,164987.446804732,-12.4625802559106,2,493,27434.0024952759,509455.810962122,3:179787999_A>T,0,0,CLCA
3:185917470 A>G,snv,TRA2B,402148.138016368,-12.547619295334,2,493,66868.9232092101,1241769.89125631,3:185917470_A>G,0,0,CLCA
3:187964993 G>C,snv,RP11-132N15.3,1605816.88191976,-13.4464723828983,2,493,267013.479901835,4958500.20239265,3:187964993_G>C,0,0,CLCA
3:197506345 C>A,snv,RP13-616I3.1,76492.6129753206,-12.1760761614424,2,493,12719.1367347618,236197.408833941,3:197506345_C>A,0,0,CLCA
3:39384349 G>T,snv,SLC25A38,210024.812168953,-12.7546308935441,2,493,34922.7592309798,648527.104673662,3:39384349_G>T,0,0,CLCA
3:42217005 G>A,snv,TRAK1,289288.093832408,-12.4596987864022,2,493,48102.6909677987,893278.282687048,3:42217005_G>A,0,0,CLCA
3:50220304 G>T,snv,SLC38A3,223006.16746666,-16.6011522499377,3,493,55458.7347114005,578283.14247057,3:50220304_G>T,0,0,CLCA
3:58475405 A>G,snv,G056015,352261.052559138,-14.1589764753672,2,493,58573.5988604922,1087721.13365378,3:58475405_A>G,0,0,CLCA
3:73433049 A>T,snv,PDZRN3,58593.0153852736,-11.0259717682641,2,493,9742.74542689899,180928.935909967,3:73433049_A>T,0,0,CLCA
4:102071312 C>A,snv,BANK1,230060.568467946,-12.4995382402508,2,493,38254.2364887442,710394.037377898,4:102071312_C>A,0,0,CLCA
4:137603036 T>A,snv,RP11-714L20.1,31230.9299641523,-11.1362350735421,2,493,5193.04096881205,96436.9666924187,4:137603036_T>A,0,0,CLCA
4:154781257 C>T,snv,RBM46,185191.474511325,-12.3923655344663,2,493,30793.5266605027,571842.526240984,4:154781257_C>T,0,0,CLCA
4:181488368 A>T,snv,G063967,557175.842189263,-16.1275854010032,3,493,138562.111979743,1444826.04473217,4:181488368_A>T,0,0,CLCA
4:181488907 T>A,snv,G063967,174785.703158027,-12.5285638537902,2,493,29063.2545988642,539710.908710126,4:181488907_T>A,0,0,CLCA
4:182916618 C>A,snv,DCTD,131238.163179196,-11.7233297927071,2,493,21822.1102617063,405248.503186974,4:182916618_C>A,0,0,CLCA
4:49698 T>A,snv,Z95704.4,106821.003534914,-11.5984526085523,2,493,17762.0337415636,329850.866433385,4:49698_T>A,0,0,CLCA
4:53353 A>T,snv,Z95704.4,149228.828828461,-11.3426628881075,2,493,24813.5363957427,460802.675504875,4:53353_A>T,0,0,CLCA
4:73416354 G>A,snv,ALB,153966.353311045,-17.2346328254204,2,426,25601.6296428136,475426.09568359,4:73416354_G>A,67,0,CLCA
4:75645227 A>C,snv,G3BP2,3419006.55316952,-12.6858505610303,2,493,568496.620223307,10557103.2446014,4:75645227_A>C,0,0,CLCA
4:75645244 G>A,snv,G3BP2,460907.177054678,-13.407166663928,2,493,76639.1890677575,1423203.21673392,4:75645244_G>A,0,0,CLCA
4:78419235 T>A,snv,FRAS1,925619.029880456,-13.9966666804431,2,493,153911.017675866,2858159.90508267,4:78419235_T>A,0,0,CLCA
4:87391316 G>C,snv,HSD17B11,1115715.24561492,-16.7824287696209,2,493,185516.618290754,3445071.3406315,4:87391316_G>C,0,0,CLCA
5:107404716 A>T,snv,EFNA5,77572.0484497471,-12.6844805956616,2,493,12898.5929592299,239532.180942967,5:107404716_A>T,0,0,CLCA
5:111512469 C>A,snv,STARD4,101815.026292686,-11.5103928017738,2,493,16929.7053288416,314390.134578169,5:111512469_C>A,0,0,CLCA
5:119071335 G>C,snv,DMXL1,6143273.13717076,-14.7673193847331,2,493,1021522.23910044,18969828.9434028,5:119071335_G>C,0,0,CLCA
5:1295046 T>G,snv,TERT,1988707.39627228,-19.5291378818451,3,493,494566.619852661,5156899.87304812,5:1295046_T>G,0,0,CLCA
5:1295113 G>A,snv,TERT,39451676.6725678,-345.116699696192,161,493,33631701.6119412,45917179.7959481,5:1295113_G>A,0,0,CLCA
5:1295135 G>A,snv,TERT,2016730.49383018,-41.0718101856318,8,493,921603.925590028,3754071.34332566,5:1295135_G>A,0,0,CLCA
5:132880323 A>G,snv,AFF4,174280.250859118,-13.3753980411001,2,493,28979.2594865607,538149.948423497,5:132880323_A>G,0,0,CLCA
5:139475698 C>T,snv,TMEM173,74566.9269257054,-13.1274327448864,2,493,12398.944027418,230251.495379023,5:139475698_C>T,0,0,CLCA
5:139677861 G>T,snv,CXXC5,180947.392607146,-12.190994085399,2,493,30087.714175597,558739.11146756,5:139677861_G>T,0,0,CLCA
5:142699298 A>C,snv,AC005592.3,888346.07157506,-13.2712755949468,2,493,147713.998420315,2743075.56741217,5:142699298_A>C,0,0,CLCA
5:143223418 A>G,snv,ARHGAP26,332826.74856212,-13.4348686809454,2,493,55342.3795529198,1027718.19066571,5:143223418_A>G,0,0,CLCA
5:154329835 A>G,snv,GALNT10,181565.416493002,-12.8913703676096,2,493,30190.5579947617,560644.41238385,5:154329835_A>G,0,0,CLCA
5:161847217 G>A,snv,GABRA1,205295.246686368,-15.0467778285228,2,493,34136.4583193535,633920.83543711,5:161847217_G>A,0,0,CLCA
5:166684459 T>A,snv,G068506,137851.368645247,-11.227644121546,2,493,22921.7594308288,425666.932058547,5:166684459_T>A,0,0,CLCA
5:177006474 C>T,snv,UIMC1,85491.6133556577,-13.4751461110914,2,493,14215.4957325737,263984.275441145,5:177006474_C>T,0,0,CLCA
5:3422432 C>A,snv,LINC01019,243532.718674617,-13.3046661363591,2,493,40494.4350921693,751988.797929837,5:3422432_C>A,0,0,CLCA
5:75603057 A>T,snv,POLK,134518.651767485,-11.9587078743999,2,493,22367.6432565154,415372.910655386,5:75603057_A>T,0,0,CLCA
5:97140421 G>C,snv,LIX1,453738.420259289,-12.3932281080754,2,493,75447.3518603103,1401073.83841425,5:97140421_G>C,0,0,CLCA
6:136250518 C>T,snv,MTFR2,252685.029379086,-14.3029881623073,2,493,42016.2970356312,780249.300628609,6:136250518_C>T,0,0,CLCA
6:154154566 A>G,snv,IPCEF1,497099.617971779,-23.332245710155,4,493,154324.22065591,1154804.71906629,6:154154566_A>G,0,0,CLCA
6:170273213 A>T,snv,RP5-894D12.3,172082.009259047,-10.6722777940016,2,493,28613.4823462376,531370.716334159,6:170273213_A>T,0,0,CLCA
6:170553255 C>A,snv,PSMB1,103077.506668188,-12.1640768150546,2,493,17139.6358506098,318288.075899551,6:170553255_C>A,0,0,CLCA
6:26103895 A>C,snv,HIST1H4C,670699.940100379,-13.6701268126356,2,493,111523.973895181,2071019.47127658,6:26103895_A>C,0,0,CLCA
6:26103895 A>G,snv,HIST1H4C,440528.211801687,-12.3349941251046,2,493,73250.5893215877,1360279.73565366,6:26103895_A>G,0,0,CLCA
6:27763019 T>A,snv,G070052,233197.243147219,-12.1850298708509,2,493,38775.8774977855,720078.091784751,6:27763019_T>A,0,0,CLCA
6:31115400 A>T,snv,PSORS1C1,98387.1375980353,-14.2420582610616,2,493,16359.7639139752,303805.024847567,6:31115400_A>T,0,0,CLCA
6:31535013 C>A,snv,SNORD117,192787.957713055,-11.1120013453236,2,493,32056.5465001409,595302.994936531,6:31535013_C>A,0,0,CLCA
6:37499939 G>A,snv,CCDC167,157648.702575476,-13.8011593125957,2,493,26213.7143159188,486793.110662402,6:37499939_G>A,0,0,CLCA
6:46737191 A>T,snv,PLA2G7,144720.217159847,-11.8751122462187,2,493,24063.9091800013,446876.505308461,6:46737191_A>T,0,0,CLCA
6:52995607 G>C,snv,RN7SK,1115535.6512299,-13.6077772312547,2,493,185488.304914588,3444552.43633873,6:52995607_G>C,0,0,CLCA
6:72101168 T>A,snv,RIMS1,150564.451496117,-12.4798158920689,2,493,25035.6481737522,464922.542792756,6:72101168_T>A,0,0,CLCA
6:72216286 G>C,snv,RIMS1,963966.515283482,-12.4453217848478,2,493,160287.752888502,2976578.08106799,6:72216286_G>C,0,0,CLCA
6:84733425 T>A,snv,TBX18,210075.397188969,-12.3832024866275,2,493,34931.151307319,648680.984022049,6:84733425_T>A,0,0,CLCA
6:85611893 C>T,snv,SYNCRIP,764244.554584744,-12.5562418948216,2,493,127077.628277827,2359858.339767,6:85611893_C>T,0,0,CLCA
6:98927746 A>C,snv,FBXL4,486553.464121535,-14.5570941328828,2,493,80903.478363104,1502390.24019137,6:98927746_A>C,0,0,CLCA
6:98927755 T>C,snv,FBXL4,495482.421906028,-12.3617691048436,2,493,82388.6061624491,1529976.11019013,6:98927755_T>C,0,0,CLCA
7:107169958 G>T,snv,HBP1,252523.284602491,-12.6090732781536,2,493,41989.1467429546,779757.347014014,7:107169958_G>T,0,0,CLCA
7:107760798 A>T,snv,CBLL1,388922.838234326,-12.9360788578832,2,493,64669.6611674263,1200942.98493981,7:107760798_A>T,0,0,CLCA
7:112451219 G>T,snv,IFRD1,175629.657932323,-12.0027273841792,2,493,29203.5017690361,542322.01120298,7:112451219_G>T,0,0,CLCA
7:1138276 T>A,snv,C7orf50,129236.642379751,-11.9824650240507,2,493,21489.2654014559,399068.441553961,7:1138276_T>A,0,0,CLCA
7:128763805 G>T,snv,CALU,136560.893576905,-11.4547414855278,2,493,22707.1920951077,421681.444276808,7:128763805_G>T,0,0,CLCA
7:130881831 C>A,snv,AC016831.7,83696.1032351872,-11.9687509522812,2,493,13916.8944645378,258441.781460472,7:130881831_C>A,0,0,CLCA
7:148416418 G>A,snv,CNTNAP2,269442.916928944,-13.125313304292,2,493,44802.8379392883,831996.856596914,7:148416418_G>A,0,0,CLCA
7:152676239 C>A,snv,XRCC2,292676.156086236,-11.2000840806041,2,493,48665.7980414371,903748.769114308,7:152676239_C>A,0,0,CLCA
7:152855247 A>G,snv,ACTR3B,122016.967842597,-11.7938133959701,2,493,20288.8273622776,376772.726383386,7:152855247_A>G,0,0,CLCA
7:18290288 A>T,snv,HDAC9,303908.730346474,-11.5720165943192,2,493,50533.4674566676,938429.619892884,7:18290288_A>T,0,0,CLCA
7:19001218 C>A,snv,HDAC9,335217.3058179,-13.2205140443027,2,493,55739.7945854448,1035097.96787278,7:19001218_C>A,0,0,CLCA
7:20331047 C>T,snv,CTA-293F17.1,89360.7952457379,-15.1564719667316,2,493,14858.8587635396,275931.359831327,7:20331047_C>T,0,0,CLCA
7:23018965 T>A,snv,FAM126A,108635.972942501,-11.2214245150746,2,493,18063.8708697241,335452.826593108,7:23018965_T>A,0,0,CLCA
7:23644560 G>T,snv,CCDC126,190144.582089447,-11.5203784424194,2,493,31617.0509183708,587139.155535981,7:23644560_G>T,0,0,CLCA
7:25325407 C>A,snv,AC003985.1,283692.887632114,-14.3956783918107,2,493,47172.1061068155,875993.540128599,7:25325407_C>A,0,0,CLCA
7:26191021 C>G,snv,HNRNPA2B1,1047880.45511094,-12.9427817105462,2,493,174241.488001217,3235697.34183219,7:26191021_C>G,0,0,CLCA
7:31512076 C>G,snv,CCDC129,298363.953185309,-13.9316905158876,2,493,49612.0829492463,921305.471150924,7:31512076_C>G,0,0,CLCA
7:41961275 A>G,snv,GLI3,376100.578821487,-11.9945798271965,2,493,62537.7052153281,1161340.9170242,7:41961275_A>G,0,0,CLCA
7:42721795 A>T,snv,G075509,90545.508349245,-11.4980458341094,2,493,15055.8074129356,279591.935154491,7:42721795_A>T,0,0,CLCA
7:55548785 C>T,snv,VOPP1,241775.468361213,-12.6200192544901,2,493,40202.312012382,746565.381187477,7:55548785_C>T,0,0,CLCA
7:5621648 C>T,snv,RNF216,399072.838812664,-13.633739425344,2,493,66357.7823599808,1232275.23027197,7:5621648_C>T,0,0,CLCA
7:8344841 C>A,snv,RP4-594A5.1,188966.183502712,-12.4189053747704,2,493,31421.1729876892,583498.694739634,7:8344841_C>A,0,0,CLCA
7:93926973 A>T,snv,GNG11,55340.344027422,-11.6283103342028,2,493,9201.93359824382,170883.411522623,7:93926973_A>T,0,0,CLCA
7:99680150 G>C,snv,CYP3A5,577077.685773482,-13.2458538399787,2,493,95956.0777778167,1781925.09089539,7:99680150_G>C,0,0,CLCA
8:101173633 T>A,snv,KB-1460A1.5,519553.652750547,-13.2256405863099,2,493,86391.4411439202,1604304.6695616,8:101173633_T>A,0,0,CLCA
8:102239350 C>A,snv,RRM2B,112334.248962277,-10.2728899178356,2,493,18678.6939265179,346878.08281988,8:102239350_C>A,0,0,CLCA
8:117176552 G>T,snv,SLC30A8,327049.082818627,-12.9534061897841,2,493,54381.5697330557,1009882.32856595,8:117176552_G>T,0,0,CLCA
8:133489760 C>A,snv,ST3GAL1,125493.665014085,-11.423508203897,2,493,20866.9740598616,387506.661803367,8:133489760_C>A,0,0,CLCA
8:135234462 G>T,snv,RP11-452N4.1,306043.042087222,-10.8794701495305,2,493,50888.416240893,945022.459799006,8:135234462_G>T,0,0,CLCA
8:13632568 T>A,snv,LOC102725080,154120.798061736,-11.5779314034002,2,493,25627.0490218668,475902.173826864,8:13632568_T>A,0,0,CLCA
8:1703621 T>A,snv,DLGAP2,81237.1773672772,-9.5789028482981,2,493,13507.8363702167,250858.133818346,8:1703621_T>A,0,0,CLCA
8:22589262 G>T,snv,PDLIM2,72082.3903881975,-13.0388497714486,2,493,11985.8170472069,222578.902803939,8:22589262_G>T,0,0,CLCA
8:22665273 T>A,snv,BIN3,101452.838233983,-10.9930517492883,2,493,16869.440008099,313273.56849025,8:22665273_T>A,0,0,CLCA
8:23404300 C>A,snv,LOXL2,391702.462222295,-11.8915190469717,2,493,65131.7042392885,1209536.51099649,8:23404300_C>A,0,0,CLCA
8:28751352 G>T,snv,EXTL3,298511.256895886,-11.0411195045173,2,493,49636.0437823791,921767.749793675,8:28751352_G>T,0,0,CLCA
8:42692670 A>T,snv,CHRNB3,67193.1129048284,-16.3915831605283,2,493,11172.8634259706,207481.745692146,8:42692670_A>T,0,0,CLCA
8:4997182 T>C,snv,CSMD1,2100710.11445712,-18.597516957244,3,493,522420.968596367,5447350.05879669,8:4997182_T>C,0,0,CLCA
8:52217790 C>T,snv,ST18,211282.825668246,-14.3321199116104,2,493,35131.8184612087,652404.86362892,8:52217790_C>T,0,0,CLCA
8:55455086 G>A,snv,SBF1P1,221227.053537438,-11.2750579937902,2,493,36785.3840995053,683118.867236102,8:55455086_G>A,0,0,CLCA
8:56074524 G>T,snv,RPS20,93613.4571524268,-12.2408042011547,2,493,15565.9693333057,289064.823719298,8:56074524_G>T,0,0,CLCA
8:56961969 T>C,snv,IMPAD1,100943.40616242,-11.9336792845983,2,493,16784.784344527,311698.689182146,8:56961969_T>C,0,0,CLCA
8:66987792 A>G,snv,PPP1R42,484356.476827511,-12.1935615332641,2,493,80538.3625885266,1495617.18132215,8:66987792_A>G,0,0,CLCA
8:69668703 C>A,snv,SLCO5A1,299023.280058188,-10.4997284011468,2,493,49721.0732162149,923350.641450237,8:69668703_C>A,0,0,CLCA
8:74365340 A>T,snv,GDAP1,179619.133161502,-11.0161254527987,2,493,29866.7529056868,554645.325825958,8:74365340_A>T,0,0,CLCA
8:74853594 T>G,snv,PI15,833747.485601075,-12.8594687082093,2,493,138634.403988284,2574474.80551233,8:74853594_T>G,0,0,CLCA
8:74853596 T>C,snv,PI15,267803.867500725,-13.3600018018086,2,493,44530.2087985547,826933.813505373,8:74853596_T>C,0,0,CLCA
8:81440514 G>A,snv,PMP2,120204.532475304,-13.3645719801401,2,493,19987.5728245632,371172.731145948,8:81440514_G>A,0,0,CLCA
8:87870854 A>T,snv,DCAF4L2,260029.087581175,-13.747352975069,2,493,43237.4908778959,802927.392784766,8:87870854_A>T,0,0,CLCA
8:92092849 A>T,snv,RUNX1T1,577486.978940863,-20.2851510009149,3,493,143614.01907798,1497478.61962705,8:92092849_A>T,0,0,CLCA
9:121567530 C>A,snv,DAB2IP,212162.274806139,-10.5791767668214,2,493,35278.0005536891,655133.030102174,9:121567530_C>A,0,0,CLCA
9:125744751 G>T,snv,RP11-423C15.3,123257.274561703,-12.6909704563972,2,493,20495.1518607679,380599.064925425,9:125744751_G>T,0,0,CLCA
9:127942936 C>A,snv,FAM102A,99546.349567801,-12.143017919117,2,493,16552.4826366695,307384.111447345,9:127942936_C>A,0,0,CLCA
9:131103174 T>C,snv,AIF1L,230532.185546467,-13.0869793413134,2,493,38332.7345943138,711845.948228703,9:131103174_T>C,0,0,CLCA
9:131114415 A>G,snv,AIF1L,115723.992929032,-15.6185613147897,2,493,19242.5458201343,357337.086500149,9:131114415_A>G,0,0,CLCA
9:135562464 C>T,snv,PAEP,137053.527722492,-12.7136266152854,2,493,22789.1773873962,423199.76645456,9:135562464_C>T,0,0,CLCA
9:18799788 T>A,snv,ADAMTSL1,790922.546552906,-13.4687606152264,2,493,131512.324619982,2442208.8554451,9:18799788_T>A,0,0,CLCA
9:35658045 T>G,snv,CCDC107,377340.468373932,-19.493118388755,3,493,93840.046688565,978489.131857958,9:35658045_T>G,0,0,CLCA
9:35666165 C>A,snv,ARHGEF39,289408.827321372,-13.5743300601846,2,493,48122.7249154988,893647.36507608,9:35666165_C>A,0,0,CLCA
9:69820720 A>T,snv,C9orf135-AS1,122074.086947734,-11.168117019191,2,493,20298.3068712858,376950.64611117,9:69820720_A>T,0,0,CLCA
X:149505265 C>A,snv,IDS,131257.187423084,-11.5102154139556,2,493,21825.2876081875,405304.558437251,X:149505265_C>A,0,0,CLCA
X:15493239 C>A,snv,PIR,240784.102060082,-12.4188046249289,2,493,40037.3990612538,743503.529423667,X:15493239_C>A,0,0,CLCA
X:32155465 A>T,snv,DMD,121785.292837769,-14.3705963941892,2,493,20250.4222942023,376054.487590367,X:32155465_A>T,0,0,CLCA
A1CF A182S,aac,A1CF,176082.209107577,-10.5334139847047,2,489,29278.6513182547,543722.39767602,A1CF_A182S_ENSP00000363109.3,4,0,CLCA
ABI3BP R994C,aac,ABI3BP,223753.423678263,-11.3280443544532,2,480,37205.4769116246,690918.702309874,ABI3BP_R994C_ENSP00000420524.2,13,0,CLCA
ADAMTS2 R493L,aac,ADAMTS2,152928.552382904,-11.3880721966908,2,475,25428.7380152707,472224.515646919,ADAMTS2_R493L_ENSP00000251582.7,18,0,CLCA
ADGRB1 A1219S,aac,ADGRB1,130668.874424382,-11.2034276502192,2,481,21727.4729751059,403488.305711599,ADGRB1_A1219S_ENSP00000430945.1,12,0,CLCA
APOA1 G15W,aac,APOA1,74773.5949300158,-12.6257903914304,2,491,12433.3079645085,230889.108635261,APOA1_G15W_ENSP00000236850.3,2,0,CLCA
APOB N3738S,aac,APOB,1860794.68801936,-12.9025784470212,2,441,309412.706817504,5745854.06708898,APOB_N3738S_ENSP00000233242.1,52,0,CLCA
ARHGEF12 V73I,aac,ARHGEF12,774410.71194994,-14.2584102099959,2,487,128767.485311658,2391234.52588259,ARHGEF12_V73I_ENSP00000380942.2,6,0,CLCA
ARID2 Q1440*,aac,ARID2,450701.787072599,-13.0163285195505,2,466,74942.5068494819,1391696.55756939,ARID2_Q1440*_ENSP00000335044.6,27,0,CLCA
AXIN1 G295*,aac,AXIN1,493439.943967363,-12.4279605043825,2,439,82048.8903032396,1523665.58355089,AXIN1_G295*_ENSP00000262320.3,54,0,CLCA
BMP5 R64*,aac,BMP5,70405.7202732566,-12.4745338066951,2,487,11707.0101759754,217401.945334025,BMP5_R64*_ENSP00000359866.3,6,0,CLCA
BRD7 Y455*,aac,BRD7,481812.153029358,-13.0015022894887,2,471,80115.2712418224,1487755.49512901,BRD7_Y455*_ENSP00000378180.3,22,0,CLCA
C12orf54 Q32L,aac,C12orf54,77985.6616849995,-10.8133441039811,2,492,12967.3230407819,240811.319290476,C12orf54_Q32L_ENSP00000447109.1,1,0,CLCA
C1QTNF6 G78D,aac,C1QTNF6,46725.73697059,-13.8841767643337,2,492,7769.52573070779,144281.419962727,C1QTNF6_G78D_ENSP00000338812.2,1,0,CLCA
CADPS H761L,aac,CADPS,363223.567203906,-11.8989479475177,2,483,60396.4851967254,1121582.48989512,CADPS_H761L_ENSP00000373215.4,10,0,CLCA
CDKN2A H83Y,aac,CDKN2A,157227.507365676,-18.1684791036543,3,485,39100.5888271071,407707.049017878,CDKN2A_H83Y_ENSP00000307101.5,8,0,CLCA
CIC G100V,aac,CIC,881330.424608927,-13.8656348383013,2,486,146546.064679664,2721389.80055338,CIC_G100V_ENSP00000505728.1,7,0,CLCA
COL4A2 G97R,aac,COL4A2,84157.3960212554,-14.3383226453054,2,472,13993.6442132421,259864.279083544,COL4A2_G97R_ENSP00000353654.5,21,0,CLCA
CPS1 P382L,aac,CPS1,332845.192688823,-12.961075063941,2,479,55345.37303868,1027773.96090926,CPS1_P382L_ENSP00000233072.5,14,0,CLCA
CTNNB1 D32A,aac,CTNNB1,11654520.7186855,-22.9902116199964,4,395,3618150.10562468,27074531.5832048,CTNNB1_D32A_ENSP00000344456.5,98,0,CLCA
CTNNB1 D32G,aac,CTNNB1,4518011.97184375,-30.1984419740492,6,397,1795715.06261298,9155333.39961852,CTNNB1_D32G_ENSP00000344456.5,96,0,CLCA
CTNNB1 D32H,aac,CTNNB1,973004.351248466,-12.5727022431318,2,393,161790.900128917,3004490.62483721,CTNNB1_D32H_ENSP00000344456.5,100,0,CLCA
CTNNB1 D32N,aac,CTNNB1,660730.225674342,-18.5172971316308,3,394,164316.089331921,1713343.92563512,CTNNB1_D32N_ENSP00000344456.5,99,0,CLCA
CTNNB1 D32V,aac,CTNNB1,4038793.01815801,-26.7229576738972,5,396,1448306.35407261,8680554.27964234,CTNNB1_D32V_ENSP00000344456.5,97,0,CLCA
CTNNB1 D32Y,aac,CTNNB1,382801.245867841,-12.9357367903977,2,393,63651.9329549312,1182028.42113955,CTNNB1_D32Y_ENSP00000344456.5,100,0,CLCA
CTNNB1 G34E,aac,CTNNB1,660410.698417656,-18.322086405596,3,394,164236.068603214,1712512.8245908,CTNNB1_G34E_ENSP00000344456.5,99,0,CLCA
CTNNB1 H36P,aac,CTNNB1,1554559.42703216,-12.827109873607,2,393,258491.059289049,4800236.7362289,CTNNB1_H36P_ENSP00000344456.5,100,0,CLCA
CTNNB1 K335I,aac,CTNNB1,555731.110472298,-11.9666636745731,2,393,92406.3782618593,1716012.90227282,CTNNB1_K335I_ENSP00000344456.5,100,0,CLCA
CTNNB1 N387K,aac,CTNNB1,971152.803785649,-12.7260368716223,2,393,161483.011223867,2998771.66504117,CTNNB1_N387K_ENSP00000344456.5,100,0,CLCA
CTNNB1 S33A,aac,CTNNB1,4775123.74755932,-22.8381795796664,4,395,1482428.56975766,11093009.9434712,CTNNB1_S33A_ENSP00000344456.5,98,0,CLCA
CTNNB1 S33C,aac,CTNNB1,1573933.01950972,-24.6753273100449,4,395,488627.699798825,3656380.97910481,CTNNB1_S33C_ENSP00000344456.5,98,0,CLCA
CTNNB1 S33F,aac,CTNNB1,583574.565766823,-13.5796164917312,2,393,97036.6535266512,1801987.47002287,CTNNB1_S33F_ENSP00000344456.5,100,0,CLCA
CTNNB1 S33P,aac,CTNNB1,1646006.14143764,-22.9524039633242,4,395,511001.569706463,3823818.42134525,CTNNB1_S33P_ENSP00000344456.5,98,0,CLCA
CTNNB1 S37A,aac,CTNNB1,1680430.9482343,-12.9777822629798,2,393,279421.400785609,5188909.02356666,CTNNB1_S37A_ENSP00000344456.5,100,0,CLCA
CTNNB1 S37C,aac,CTNNB1,1962016.52812016,-29.4152072003812,5,396,703566.487556444,4216892.50930703,CTNNB1_S37C_ENSP00000344456.5,97,0,CLCA
CTNNB1 S37F,aac,CTNNB1,582752.233049235,-12.2380600476646,2,393,96899.5472580305,1799446.98640551,CTNNB1_S37F_ENSP00000344456.5,100,0,CLCA
CTNNB1 S37P,aac,CTNNB1,1622636.92473205,-17.5341259365091,3,394,403528.86173843,4207664.1695622,CTNNB1_S37P_ENSP00000344456.5,99,0,CLCA
CTNNB1 S37Y,aac,CTNNB1,698465.902983187,-17.4370476762356,3,394,173699.957046144,1811199.79247448,CTNNB1_S37Y_ENSP00000344456.5,99,0,CLCA
CTNNB1 S45F,aac,CTNNB1,1161843.83059202,-21.6234554412901,4,395,360692.57599977,2699069.2155408,CTNNB1_S45F_ENSP00000344456.5,98,0,CLCA
CTNNB1 S45P,aac,CTNNB1,4828212.94206338,-43.4098203335503,9,400,2319987.00020528,8704056.91379384,CTNNB1_S45P_ENSP00000344456.5,93,0,CLCA
CTNNB1 T41A,aac,CTNNB1,5382046.54621076,-59.279535665625,12,403,2881979.11359335,9026816.77324624,CTNNB1_T41A_ENSP00000344456.5,90,0,CLCA
CTNNB1 T41I,aac,CTNNB1,554741.779271852,-14.297158222132,2,393,92241.8755537748,1712946.38125377,CTNNB1_T41I_ENSP00000344456.5,100,0,CLCA
DAP3 R12S,aac,DAP3,280922.50297824,-12.3625552369288,2,492,46711.6187778086,867445.518372098,DAP3_R12S_ENSP00000357320.5,1,0,CLCA
DCLK1 V195L,aac,DCLK1,284950.967125087,-13.0126353972716,2,482,47381.4363452418,879882.78599997,DCLK1_V195L_ENSP00000353846.3,11,0,CLCA
DNAH14 R1686L,aac,DNAH14,1402367.13353954,-12.9453825058379,2,474,233185.727669673,4330319.9857168,DNAH14_R1686L_ENSP00000508305.1,19,0,CLCA
DNAJC6 E862V,aac,DNAJC6,224841.666570602,-10.9411666576198,2,492,37386.3778957483,694281.755692118,DNAJC6_E862V_ENSP00000360108.4,1,0,CLCA
DYSF K468M,aac,DYSF,589246.272768828,-12.1396446734026,2,486,97979.2946171276,1819507.46107037,DYSF_K468M_ENSP00000386881.3,7,0,CLCA
ECHS1 E144*,aac,ECHS1,123666.547263824,-11.8571097332586,2,493,20563.1700262045,381863.818682485,ECHS1_E144*_ENSP00000357535.3,0,0,CLCA
EDRF1 A900S,aac,EDRF1,377956.879160949,-12.7115044640008,2,493,62846.4193537978,1167071.71697416,EDRF1_A900S_ENSP00000349244.4,0,0,CLCA
ENSG00000291313 A72V,aac,ENSG00000291313,698825.805109672,-18.6392150436285,3,493,173789.739645793,1812128.20430444,ENSG00000291313_A72V_ENSP00000516667.1,0,0,CLCA
EPHA5 R599Q,aac,EPHA5,204159.00091924,-14.8132270402523,2,484,33947.6162014209,630413.727074412,EPHA5_R599Q_ENSP00000478537.1,9,0,CLCA
FAS K61*,aac,FAS,109591.492681868,-11.3434028090319,2,491,18222.7589663585,338403.412479705,FAS_K61*_ENSP00000498466.1,2,0,CLCA
FHAD1 M876L,aac,FHAD1,255105.317698492,-13.7406974261666,2,484,42418.858086569,787726.4792841,FHAD1_M876L_ENSP00000509124.1,9,0,CLCA
FLNC A1475E,aac,FLNC,234374.759416418,-11.0359086723056,2,471,38971.5249229309,723719.947257716,FLNC_A1475E_ENSP00000327145.8,22,0,CLCA
GRHL1 T272M,aac,GRHL1,292040.578890719,-12.2122887613526,2,487,48560.281850681,901775.678430035,GRHL1_T272M_ENSP00000324693.9,6,0,CLCA
H2BC5 A111S,aac,H2BC5,358938.587770907,-12.3220327447068,2,491,59683.949165523,1108352.21308946,H2BC5_A111S_ENSP00000367008.4,2,0,CLCA
HDAC9 K727N,aac,HDAC9,313677.327000599,-12.4961264942989,2,477,52158.0442076032,968586.001815372,HDAC9_K727N_ENSP00000509161.1,16,0,CLCA
HECTD1 R219H,aac,HECTD1,575642.931590552,-16.2349625919537,2,485,95717.6459398157,1777491.05004108,HECTD1_R219H_ENSP00000382269.1,8,0,CLCA
HES1 Q92L,aac,HES1,66181.80808339,-13.1078786198858,2,491,11004.6638885866,204358.822836949,HES1_Q92L_ENSP00000232424.3,2,0,CLCA
HSPG2 A3287S,aac,HSPG2,1267361.82287188,-10.782933018485,2,474,210735.497755173,3913465.47742241,HSPG2_A3287S_ENSP00000363827.3,19,0,CLCA
IGDCC3 A632D,aac,IGDCC3,143788.864635551,-12.4908888050933,2,486,23909.0498446753,444000.628809776,IGDCC3_A632D_ENSP00000332773.4,7,0,CLCA
IL6ST P216H,aac,IL6ST,1467408.05028976,-24.4985322850539,4,484,455557.725961599,3408915.20574383,IL6ST_P216H_ENSP00000370698.2,9,0,CLCA
IZUMO1 A133T,aac,IZUMO1,135376.052456883,-12.7263502451219,2,490,22510.2261141783,418020.228623406,IZUMO1_A133T_ENSP00000327786.2,3,0,CLCA
JAK1 L910P,aac,JAK1,1054780.48001008,-12.5382819740897,2,467,175387.606593913,3256985.02601837,JAK1_L910P_ENSP00000343204.4,26,0,CLCA
JAK1 S703I,aac,JAK1,2480942.64280299,-39.2431230432754,8,473,1133735.1875276,4618207.64979553,JAK1_S703I_ENSP00000343204.4,20,0,CLCA
JAK1 S729C,aac,JAK1,1411351.64120332,-46.1742500968765,10,475,707154.139483558,2475631.64484234,JAK1_S729C_ENSP00000343204.4,18,0,CLCA
KCNAB2 C84F,aac,KCNAB2,130497.213055718,-12.4237105407264,2,491,21698.964811323,402956.647147288,KCNAB2_C84F_ENSP00000367323.3,2,0,CLCA
KLK8 V241I,aac,KLK8,62357.4738401747,-15.3537707401943,2,486,10368.763563497,192549.514698399,KLK8_V241I_ENSP00000512260.1,7,0,CLCA
LAMA3 G1422R,aac,LAMA3,399336.307059652,-13.9950873243436,2,477,66401.416405998,1233086.17820682,LAMA3_G1422R_ENSP00000324532.8,16,0,CLCA
LATS1 M791I,aac,LATS1,198180.940157413,-12.6053013442049,2,485,32953.3745994094,611950.978674596,LATS1_M791I_ENSP00000437550.1,8,0,CLCA
LCP2 Y29N,aac,LCP2,58842.8687229462,-11.6025126829098,2,484,9784.33794681833,181698.284500053,LCP2_Y29N_ENSP00000046794.5,9,0,CLCA
LRP1B R411S,aac,LRP1B,3763507.5003664,-12.4005473836357,2,439,625793.365714135,11621128.7896936,LRP1B_R411S_ENSP00000374135.3,54,0,CLCA
LRRIQ1 L8H,aac,LRRIQ1,365966.837174337,-10.6285754812631,2,469,60852.3718507703,1130062.25849477,LRRIQ1_L8H_ENSP00000376910.2,24,0,CLCA
MAP3K10 V927L,aac,MAP3K10,381203.3073022,-12.1346953018042,2,489,63386.2042640351,1177097.3400289,MAP3K10_V927L_ENSP00000253055.2,4,0,CLCA
MAP4 Y110F,aac,MAP4,877356.571180362,-11.4242972488411,2,488,145886.112871515,2709175.0367158,MAP4_Y110F_ENSP00000507895.1,5,0,CLCA
MBD1 R22C,aac,MBD1,393489.669013407,-11.5141206619147,2,491,65428.9287000422,1215049.29892505,MBD1_R22C_ENSP00000269468.5,2,0,CLCA
MC2R P27T,aac,MC2R,119833.846497013,-11.341967836217,2,490,19925.7869081896,370032.974415965,MC2R_P27T_ENSP00000333821.2,3,0,CLCA
MMP17 A210S,aac,MMP17,137628.189804333,-12.1405623416827,2,490,22884.6183657248,424977.477695375,MMP17_A210S_ENSP00000353767.1,3,0,CLCA
MTCL1 R1284W,aac,MTCL1,129311.348852719,-12.2875589128526,2,486,21501.8070416877,399293.714203981,MTCL1_R1284W_ENSP00000512073.1,7,0,CLCA
MTMR4 R939L,aac,MTMR4,549829.625940055,-12.6790311010199,2,489,91425.0372452885,1697784.19456951,MTMR4_R939L_ENSP00000507664.1,4,0,CLCA
MYH6 E885*,aac,MYH6,425880.717206484,-11.5757937925753,2,473,70815.0739727276,1315058.72374463,MYH6_E885*_ENSP00000386041.3,20,0,CLCA
MYT1 P532S,aac,MYT1,398433.548979679,-12.697701516226,2,485,66251.2881419976,1230299.64241197,MYT1_P532S_ENSP00000327465.1,8,0,CLCA
NDC1 A553S,aac,NDC1,238363.343151231,-12.0404882618895,2,488,39634.8480645502,736033.055947613,NDC1_A553S_ENSP00000360483.3,5,0,CLCA
NFIC A393V,aac,NFIC,292709.321090849,-18.2914400394779,3,490,72793.292448313,759025.193645457,NFIC_A393V_ENSP00000396843.2,3,0,CLCA
NFX1 R319S,aac,NFX1,188646.407183383,-12.1696238582453,2,488,31367.9785914562,582512.563624806,NFX1_R319S_ENSP00000368856.3,5,0,CLCA
NHS A771E,aac,NHS,305577.604335372,-10.2663541830699,2,488,50810.7789139747,943594.619816575,NHS_A771E_ENSP00000502262.1,5,0,CLCA
NXNL1 A70V,aac,NXNL1,205897.742953195,-19.2650609307765,2,491,34237.6947248824,635799.899681814,NXNL1_A70V_ENSP00000305631.2,2,0,CLCA
OPALIN S59C,aac,OPALIN,92611.3210352591,-10.1750218883432,2,492,15399.2010221029,285975.951418321,OPALIN_S59C_ENSP00000360214.3,1,0,CLCA
P4HA1 D372A,aac,P4HA1,2932067.49923946,-12.5751622260943,2,492,487544.388901036,9053801.16246084,P4HA1_D372A_ENSP00000378353.2,1,0,CLCA
P4HA1 I369V,aac,P4HA1,208318.002306885,-12.1099434656902,2,492,34638.9763451656,643254.184516879,P4HA1_I369V_ENSP00000378353.2,1,0,CLCA
PANK2 T199S,aac,PANK2,133587.308208527,-11.4819718468084,2,492,22212.7683914422,412498.289392245,PANK2_T199S_ENSP00000477429.2,1,0,CLCA
PDZRN4 R957C,aac,PDZRN4,214973.222253226,-13.1413416991877,2,480,35745.5676117475,663801.664875015,PDZRN4_R957C_ENSP00000384197.2,13,0,CLCA
PHF21B M499L,aac,PHF21B,153392.251327875,-10.7421385687445,2,488,25505.848182122,473657.106783957,PHF21B_M499L_ENSP00000324403.5,5,0,CLCA
PIAS2 S588P,aac,PIAS2,530954.546238205,-11.5298559695656,2,488,88286.8178293784,1639515.30793437,PIAS2_S588P_ENSP00000465676.1,5,0,CLCA
PIK3CA H1047R,aac,PIK3CA,645098.110023078,-22.576645426855,4,491,200270.262789251,1498620.42073386,PIK3CA_H1047R_ENSP00000263967.3,2,0,CLCA
PLA2G5 C46S,aac,PLA2G5,29848.0488031792,-10.4793874970182,2,488,4963.08415243309,92167.5576441067,PLA2G5_C46S_ENSP00000364249.3,5,0,CLCA
PPP1R9A Y401C,aac,PPP1R9A,167953.147498247,-13.26744932673,2,485,27927.1613509459,518612.338037267,PPP1R9A_Y401C_ENSP00000405514.1,8,0,CLCA
PREX2 L50V,aac,PREX2,402488.366072905,-10.7321709818785,2,468,66922.427366983,1242961.35034797,PREX2_L50V_ENSP00000288368.4,25,0,CLCA
PTPRQ S926T,aac,PTPRQ,1416622.63588282,-12.3401337173689,2,474,235555.183663888,4374313.27042137,PTPRQ_S926T_ENSP00000495607.1,19,0,CLCA
RNF112 V414M,aac,RNF112,66824.1167102509,-17.8975187744427,2,486,11111.4971521941,206342.171936439,RNF112_V414M_ENSP00000454919.1,7,0,CLCA
RREB1 G777C,aac,RREB1,1045166.63660483,-14.0180387470528,2,482,173785.682926128,3227239.48037684,RREB1_G777C_ENSP00000369270.2,11,0,CLCA
SDK2 W1026C,aac,SDK2,111102.256758529,-11.2066330959161,2,475,18473.9465064709,343069.254047574,SDK2_W1026C_ENSP00000376421.3,18,0,CLCA
SEMA3A I118N,aac,SEMA3A,955980.980821097,-12.76726060783,2,482,158959.766385477,2951914.09405838,SEMA3A_I118N_ENSP00000265362.3,11,0,CLCA
SERPINI2 Q191L,aac,SERPINI2,93859.6330887957,-10.2847304170725,2,489,15606.7882907875,289829.695939294,SERPINI2_Q191L_ENSP00000264677.4,4,0,CLCA
SHANK2 R1009Q,aac,SHANK2,1040780.13913046,-11.2856688123029,2,491,173059.659002211,3213792.05603547,SHANK2_R1009Q_ENSP00000469689.2,2,0,CLCA
SPAG16 G406V,aac,SPAG16,42060.448767374,-10.6189406847596,2,491,6993.73111987012,129878.504829496,SPAG16_G406V_ENSP00000332592.5,2,0,CLCA
SRCAP R1873L,aac,SRCAP,5221370.03580036,-11.4717182254869,2,473,868201.439558335,16122780.7730405,SRCAP_R1873L_ENSP00000262518.4,20,0,CLCA
ST6GALNAC5 S175C,aac,ST6GALNAC5,74608.3213211597,-12.5729334468698,2,490,12405.8216514247,230378.666438149,ST6GALNAC5_S175C_ENSP00000417583.1,3,0,CLCA
STAT3 Y640F,aac,STAT3,2897429.91527133,-23.9782573596636,5,488,1038999.36435584,6227640.45035009,STAT3_Y640F_ENSP00000264657.4,5,0,CLCA
STRN4 R632Q,aac,STRN4,310747.827160359,-13.5112725083904,2,489,51670.9669082548,959540.531765997,STRN4_R632Q_ENSP00000263280.4,4,0,CLCA
TACC2 A1341S,aac,TACC2,1421452.83778716,-10.8832650885997,2,478,236356.906948389,4389279.57563712,TACC2_A1341S_ENSP00000358001.1,15,0,CLCA
TAX1BP1 P8Q,aac,TAX1BP1,388069.794618395,-13.6117265486823,2,491,64528.1862528846,1198299.71069613,TAX1BP1_P8Q_ENSP00000379612.2,2,0,CLCA
TF A398T,aac,TF,182245.473263897,-13.0239913918931,2,484,30303.6668720523,562744.764755341,TF_A398T_ENSP00000385834.3,9,0,CLCA
TIE1 R793G,aac,TIE1,806749.269566927,-13.3979599593527,2,491,134145.164196179,2491102.45873791,TIE1_R793G_ENSP00000361554.3,2,0,CLCA
TLE1 G618*,aac,TLE1,671398.482054882,-12.6725109504659,2,484,111639.411216725,2073167.53353609,TLE1_G618*_ENSP00000365682.3,9,0,CLCA
TNFAIP2 G568V,aac,TNFAIP2,146211.821693918,-10.6922128670911,2,492,24311.8877995501,451484.753763261,TNFAIP2_G568V_ENSP00000452634.2,1,0,CLCA
TNKS1BP1 W684C,aac,TNKS1BP1,288604.588684525,-12.2195609758703,2,489,47988.9391659643,891165.676918433,TNKS1BP1_W684C_ENSP00000350990.3,4,0,CLCA
TNXB R1550C,aac,TNXB,631566.807242113,-11.9763394815356,2,476,105016.285020302,1950180.10532951,TNXB_R1550C_ENSP00000496448.1,17,0,CLCA
TP53 A159P,aac,TP53,6321333.50223853,-16.2809529334768,3,243,1572028.04725167,16391930.1504958,TP53_A159P_ENSP00000269305.4,250,0,CLCA
TP53 A159V,aac,TP53,417385.521194662,-11.9974736360571,2,242,69402.5193589906,1288822.96826664,TP53_A159V_ENSP00000269305.4,251,0,CLCA
TP53 G105V,aac,TP53,335533.638082415,-10.4528330261556,2,242,55790.8565654007,1036146.46149111,TP53_G105V_ENSP00000269305.4,251,0,CLCA
TP53 G245S,aac,TP53,540645.635308763,-12.923659751056,2,242,89898.2657534238,1669433.62402083,TP53_G245S_ENSP00000269305.4,251,0,CLCA
TP53 G245V,aac,TP53,337365.794683836,-11.7075247980329,2,242,56096.6882352308,1041750.86237615,TP53_G245V_ENSP00000269305.4,251,0,CLCA
TP53 G266V,aac,TP53,466962.991263132,-10.5799307205372,2,242,77645.6352199759,1441942.72386885,TP53_G266V_ENSP00000269305.4,251,0,CLCA
TP53 H179L,aac,TP53,975627.555889667,-17.2846363861908,4,244,302868.152539781,2266676.91807644,TP53_H179L_ENSP00000269305.4,249,0,CLCA
TP53 H179Y,aac,TP53,444642.4213384,-10.8542590504094,2,242,73934.5163049321,1373003.88604949,TP53_H179Y_ENSP00000269305.4,251,0,CLCA
TP53 H193R,aac,TP53,924684.469883369,-18.3355729100662,4,244,287061.804140595,2148205.29392078,TP53_H193R_ENSP00000269305.4,249,0,CLCA
TP53 K164*,aac,TP53,472579.691248912,-11.7126350036704,2,242,78579.244593177,1459309.8480553,TP53_K164*_ENSP00000269305.4,251,0,CLCA
TP53 K291*,aac,TP53,473345.779269022,-11.1648544334947,2,242,78707.2230937482,1461645.13518282,TP53_K291*_ENSP00000269305.4,251,0,CLCA
TP53 L145Q,aac,TP53,225730.346378738,-12.5925544473358,2,242,37534.2885143286,697019.484168101,TP53_L145Q_ENSP00000269305.4,251,0,CLCA
TP53 M237K,aac,TP53,495034.549430683,-11.3477980694366,2,242,82313.8474212222,1528598.05919675,TP53_M237K_ENSP00000269305.4,251,0,CLCA
TP53 R110L,aac,TP53,4068464.13022689,-22.6636244826249,5,245,1458901.01807715,8744844.06650247,TP53_R110L_ENSP00000269305.4,248,0,CLCA
TP53 R158L,aac,TP53,724012.317802497,-11.7581337883458,2,242,120387.907294198,2235637.60780161,TP53_R158L_ENSP00000269305.4,251,0,CLCA
TP53 R175H,aac,TP53,1027740.83428175,-20.5479203559114,4,244,319058.520747511,2387555.66826258,TP53_R175H_ENSP00000269305.4,249,0,CLCA
TP53 R196*,aac,TP53,803093.768927615,-14.1740321481637,3,243,199715.768809556,2082593.19067934,TP53_R196*_ENSP00000269305.4,250,0,CLCA
TP53 R213L,aac,TP53,2066250.39759174,-11.1560278115517,2,242,343575.459873536,6380329.27661001,TP53_R213L_ENSP00000269305.4,251,0,CLCA
TP53 R248L,aac,TP53,1377281.14010041,-12.0332785392971,2,242,229011.382005849,4252823.77456486,TP53_R248L_ENSP00000269305.4,251,0,CLCA
TP53 R248W,aac,TP53,538869.195436068,-10.8853096425451,2,242,89602.3194980683,1663961.28110556,TP53_R248W_ENSP00000269305.4,251,0,CLCA
TP53 R249S,aac,TP53,8070170.21161222,-143.159757586346,69,309,6296745.53742547,10156990.7508384,TP53_R249S_ENSP00000269305.4,184,0,CLCA
TP53 R249W,aac,TP53,493648.298048207,-12.0634054109179,2,242,82083.37432422,1524308.34678249,TP53_R249W_ENSP00000269305.4,251,0,CLCA
TP53 R280G,aac,TP53,860789.528138959,-11.4469186025805,2,242,143131.220956233,2657993.5607297,TP53_R280G_ENSP00000269305.4,251,0,CLCA
TP53 R282W,aac,TP53,538480.319030701,-10.6034523834473,2,242,89537.6298793058,1662765.95796935,TP53_R282W_ENSP00000269305.4,251,0,CLCA
TP53 R306*,aac,TP53,513397.885201412,-10.452897789832,2,242,85365.9914873088,1585357.78934009,TP53_R306*_ENSP00000269305.4,251,0,CLCA
TP53 R337L,aac,TP53,1080152.36614137,-15.4928687882577,3,243,268617.408570446,2801019.72439704,TP53_R337L_ENSP00000269305.4,250,0,CLCA
TP53 V157F,aac,TP53,4065827.24764499,-22.1070426425044,5,245,1457958.67504908,8739178.90680927,TP53_V157F_ENSP00000269305.4,248,0,CLCA
TP53 Y163C,aac,TP53,940261.147609322,-13.4173239499873,2,242,156345.997884424,2903372.47433621,TP53_Y163C_ENSP00000269305.4,251,0,CLCA
TP53 Y234H,aac,TP53,829247.508727935,-11.4884807714629,2,242,137886.504848944,2560599.67183993,TP53_Y234H_ENSP00000269305.4,251,0,CLCA
TTYH2 H72L,aac,TTYH2,506409.457804539,-10.58028578304,2,486,84204.9196466146,1563734.50747335,TTYH2_H72L_ENSP00000269346.4,7,0,CLCA
USP29 D91H,aac,USP29,430177.269315533,-13.5171009108029,2,482,71529.608035847,1328317.2395394,USP29_D91H_ENSP00000254181.3,11,0,CLCA
VPS8 K304*,aac,VPS8,279347.417014042,-10.9313667208189,2,484,46449.5425736021,862588.837918346,VPS8_K304*_ENSP00000487164.1,9,0,CLCA
WDR87 T1142M,aac,WDR87,428514.320852344,-12.167454035911,2,472,71253.0641038944,1323186.26694499,WDR87_T1142M_ENSP00000405012.2,21,0,CLCA
ZFR A396V,aac,ZFR,424054.305406175,-9.31951051493601,2,491,70509.7058010391,1309494.5352574,ZFR_A396V_ENSP00000265069.8,2,0,CLCA
ZNF91 K631*,aac,ZNF91,224925.381137896,-12.4185546070373,2,486,37400.4676512802,694534.765351602,ZNF91_K631*_ENSP00000300619.6,7,0,CLCA
11:72238355 A>G,snv,INPPL1,8176.91190704787,-12.5209343464619,2,370,1359.65150865357,25249.0130931513,11:72238355_A>G,0,0,TCGA
15:60531853 T>A,snv,RORA,3858.5371555777,-12.126357319289,2,369,641.594697734689,11914.5707582736,15:60531853_T>A,1,0,TCGA
16:310070 C>A,snv,AXIN1,9825.42306390505,-11.5390765051219,2,345,1633.76206262426,30339.4893737338,16:310070_C>A,25,0,TCGA
17:7673610 T>C,snv,TP53,13459.4959910024,-11.4461115591583,2,264,2238.03110822287,41561.0356792945,17:7673610_T>C,106,0,TCGA
17:7675237 C>T,snv,TP53,10397.9613502542,-16.7041688642203,3,265,2585.8425503229,26963.1118482864,17:7675237_C>T,105,0,TCGA
19:4171381 A>G,snv,CREB3L3,7850.62680580934,-12.3428547130492,2,367,1305.39569142479,24241.5573853608,19:4171381_A>G,3,0,TCGA
7:93232466 A>T,snv,VPS50,6990.25195698489,-12.3875413438102,2,370,1162.33473748417,21584.8096044346,7:93232466_A>T,0,0,TCGA
8:18804603 C>A,snv,PSD3,4944.44502178209,-12.6115142537983,2,366,822.158991434831,15267.6678864642,8:18804603_C>A,4,0,TCGA
8:47943852 C>A,snv,PRKDC,5828.83813910951,-12.8529302990882,2,349,969.215408993508,17998.5286052654,8:47943852_C>A,21,0,TCGA
ABCA7 C1872F,aac,ABCA7,5419.69024772309,-13.7799632168678,2,365,901.182925654345,16735.1255757719,ABCA7_C1872F_ENSP00000263094.6,5,0,TCGA
ABCG8 I508S,aac,ABCG8,22124.590969759,-11.9489953503161,2,367,3678.85954494496,68317.3697511886,ABCG8_I508S_ENSP00000272286.2,3,0,TCGA
ADAM28 E591A,aac,ADAM28,10429.3228436118,-12.2141051723129,2,365,1734.18020472061,32204.141872114,ADAM28_E591A_ENSP00000265769.4,5,0,TCGA
ADAM30 C110G,aac,ADAM30,14830.6928610341,-12.5522031575432,2,366,2466.0379606437,45794.8406240086,ADAM30_C110G_ENSP00000358407.1,4,0,TCGA
ADAMTS12 C658F,aac,ADAMTS12,3567.76169296563,-12.5271179063083,2,361,593.244985293748,11016.6886638191,ADAMTS12_C658F_ENSP00000422554.1,9,0,TCGA
ADAMTS9 E1374E,aac,ADAMTS9,2479.19375840093,-13.0300196545724,2,359,412.238877677165,7655.35354313761,ADAMTS9_E1374E_ENSP00000418735.1,11,0,TCGA
ADCY2 I369M,aac,ADCY2,3246.97409839109,-12.7180785793933,2,358,539.904785268,10026.1393692907,ADCY2_I369M_ENSP00000342952.4,12,0,TCGA
ADGRL3 S937G,aac,ADGRL3,4510.440109913,-11.7809787063455,2,359,749.992647359344,13927.5768962072,ADGRL3_S937G_ENSP00000507980.1,11,0,TCGA
AFP E57Q,aac,AFP,10795.1768669657,-12.0819581339526,2,370,1795.01397425341,33333.8600387492,AFP_E57Q_ENSP00000379138.2,0,0,TCGA
AGPS A2A,aac,AGPS,1341.41723769754,-12.2469742231207,2,369,223.049889061853,4142.0877313884,AGPS_A2A_ENSP00000264167.4,1,0,TCGA
AHNAK K3277K,aac,AHNAK,4682.99872301825,-12.7157631415015,2,353,778.686058849408,14460.3548917874,AHNAK_K3277K_ENSP00000367263.4,17,0,TCGA
ANOS1 V266V,aac,ANOS1,1580.78315226748,-11.9378323982893,2,366,262.851353900714,4881.2218863363,ANOS1_V266V_ENSP00000262648.3,4,0,TCGA
APOA1 Q162P,aac,APOA1,11414.3481556746,-12.2234407405413,2,369,1897.97036824052,35245.7483412506,APOA1_Q162P_ENSP00000236850.3,1,0,TCGA
APOB F2890L,aac,APOB,2068.18478148419,-12.3483948298126,2,338,343.896320785488,6386.23190002668,APOB_F2890L_ENSP00000233242.1,32,0,TCGA
ARID1A Q1142*,aac,ARID1A,4606.46167975122,-13.0141310782177,2,343,765.959673456183,14224.0133931114,ARID1A_Q1142*_ENSP00000320485.7,27,0,TCGA
ASXL1 L1170L,aac,ASXL1,3600.82313229223,-12.2224858115286,2,364,598.74229071756,11118.7829534556,ASXL1_L1170L_ENSP00000364839.4,6,0,TCGA
ATAD1 G168V,aac,ATAD1,4647.99151919809,-13.1426102417047,2,369,772.8652457761,14352.2489841657,ATAD1_G168V_ENSP00000506333.1,1,0,TCGA
BARD1 R5R,aac,BARD1,846.471768622655,-13.4193879827418,2,367,140.750865995009,2613.76790865026,BARD1_R5R_ENSP00000260947.4,3,0,TCGA
BAX P130L,aac,BAX,3140.54790503745,-12.3682581974594,2,367,522.208114707927,9697.5209967897,BAX_P130L_ENSP00000263262.9,3,0,TCGA
BMS1 C556C,aac,BMS1,2557.74479509295,-13.2108623913722,2,367,425.300381108686,7897.90510054745,BMS1_C556C_ENSP00000363642.4,3,0,TCGA
BPIFB6 V91V,aac,BPIFB6,718.718471040458,-12.6794864395757,2,370,119.50806704806,2219.28855015358,BPIFB6_V91V_ENSP00000344929.1,0,0,TCGA
C1QTNF2 P8P,aac,C1QTNF2,1330.3181590713,-13.3757339841882,2,366,221.204527112191,4107.80695033387,C1QTNF2_P8P_ENSP00000377545.3,4,0,TCGA
C1QTNF3 N34T,aac,C1QTNF3,17664.9348521123,-12.1541564830112,2,369,2937.31276373359,54546.6063962413,C1QTNF3_N34T_ENSP00000371497.3,1,0,TCGA
C5orf22 R300Q,aac,C5orf22,3563.4103528684,-13.0274022958991,2,366,592.521735946162,11003.2383703153,C5orf22_R300Q_ENSP00000326879.9,4,0,TCGA
CACNG8 E229*,aac,CACNG8,12746.8393799826,-11.9447744780793,2,369,2119.53439981072,39360.3066452925,CACNG8_E229*_ENSP00000270458.3,1,0,TCGA
CAMK2A A458T,aac,CAMK2A,2052.18189985972,-12.9470983445222,2,368,341.235558221785,6336.80851944832,CAMK2A_A458T_ENSP00000500386.1,2,0,TCGA
CBLN2 L200L,aac,CBLN2,724.887402874504,-11.8752648391071,2,368,120.533673451344,2238.34468022116,CBLN2_L200L_ENSP00000269503.4,2,0,TCGA
CCDC141 G1036E,aac,CCDC141,2366.6299187751,-13.022871952198,2,367,393.521819806365,7307.7734628189,CCDC141_G1036E_ENSP00000390190.2,3,0,TCGA
CDCP1 E279*,aac,CDCP1,3505.80428299294,-12.5707816914665,2,365,582.942788347524,10825.3712847418,CDCP1_E279*_ENSP00000296129.1,5,0,TCGA
CDH15 R695C,aac,CDH15,2589.17894548554,-12.8453344931447,2,364,430.52716993642,7994.97238498096,CDH15_R695C_ENSP00000289746.2,6,0,TCGA
CDH2 S61C,aac,CDH2,4656.3969390958,-13.3578903456415,2,368,774.262941887105,14378.2009626087,CDH2_S61C_ENSP00000269141.3,2,0,TCGA
CDH7 V168V,aac,CDH7,512.592510710115,-12.9002487245142,2,361,85.23357938839,1582.80388917357,CDH7_V168V_ENSP00000381058.2,9,0,TCGA
CEP162 E130E,aac,CEP162,2990.14434098995,-12.8476855787419,2,367,497.199345187492,9233.08770599314,CEP162_E130E_ENSP00000385215.3,3,0,TCGA
CIRBP E129K,aac,CIRBP,6199.82242654618,-12.7461984984093,2,368,1030.90261768586,19144.064737575,CIRBP_E129K_ENSP00000466025.1,2,0,TCGA
CNBD2 V107I,aac,CNBD2,1223.79816267934,-14.2840391477743,2,368,203.492432384812,3778.89072094764,CNBD2_V107I_ENSP00000363084.3,2,0,TCGA
COL11A1 P1118T,aac,COL11A1,2335.85444890747,-12.5221820394047,2,347,388.404305324841,7212.75179252159,COL11A1_P1118T_ENSP00000359114.3,23,0,TCGA
COL22A1 T236T,aac,COL22A1,675.607996657978,-12.6464456866415,2,358,112.339678499523,2086.17049469329,COL22A1_T236T_ENSP00000303153.6,12,0,TCGA
COL4A1 W1578*,aac,COL4A1,1453.80143398624,-12.4021946313939,2,364,241.737070313168,4489.11269601151,COL4A1_W1578*_ENSP00000364979.4,6,0,TCGA
COL5A1 G1219D,aac,COL5A1,2574.86625551246,-12.8185304063007,2,357,428.147238829295,7950.77749663988,COL5A1_G1219D_ENSP00000360882.3,13,0,TCGA
CSF1R R777R,aac,CSF1R,893.569214252026,-12.5535301365186,2,370,148.582136603239,2759.20058536298,CSF1R_R777R_ENSP00000501699.1,0,0,TCGA
CTNNB1 D32G,aac,CTNNB1,87619.1069251223,-35.3901348239495,7,282,37648.1538257042,169454.168843595,CTNNB1_D32G_ENSP00000344456.5,88,0,TCGA
CTNNB1 D32N,aac,CTNNB1,7761.06492190135,-16.2066605050833,3,278,1930.07666835294,20125.3995863377,CTNNB1_D32N_ENSP00000344456.5,92,0,TCGA
CTNNB1 D32V,aac,CTNNB1,80694.0117491525,-24.128132654942,5,280,28936.4649840429,173439.193551001,CTNNB1_D32V_ENSP00000344456.5,90,0,TCGA
CTNNB1 D32Y,aac,CTNNB1,7088.93057069316,-11.9729236730611,2,277,1178.7422041614,21889.5531270355,CTNNB1_D32Y_ENSP00000344456.5,93,0,TCGA
CTNNB1 G34E,aac,CTNNB1,5189.7908881991,-12.0995473816012,2,277,862.954596450825,16025.2752259314,CTNNB1_G34E_ENSP00000344456.5,93,0,TCGA
CTNNB1 G34R,aac,CTNNB1,3126.36591139108,-14.9019487200055,2,277,519.850179720246,9653.71553700226,CTNNB1_G34R_ENSP00000344456.5,93,0,TCGA
CTNNB1 G34V,aac,CTNNB1,7082.20562080681,-11.4494532667362,2,277,1177.62280452673,21868.8402215344,CTNNB1_G34V_ENSP00000344456.5,93,0,TCGA
CTNNB1 H36P,aac,CTNNB1,35341.7379176072,-17.8096918809615,3,278,8789.06523992685,91644.8424456658,CTNNB1_H36P_ENSP00000344456.5,92,0,TCGA
CTNNB1 I35S,aac,CTNNB1,72625.2850996986,-16.4092753869864,3,278,18060.9560173799,188326.56182185,CTNNB1_I35S_ENSP00000344456.5,92,0,TCGA
CTNNB1 K335I,aac,CTNNB1,26326.1594403618,-24.9116562239457,5,280,9440.47045020783,56583.4846742386,CTNNB1_K335I_ENSP00000344456.5,90,0,TCGA
CTNNB1 N387K,aac,CTNNB1,22878.9824865121,-15.9818546602194,3,278,5689.70591363456,59328.1069549246,CTNNB1_N387K_ENSP00000344456.5,92,0,TCGA
CTNNB1 S33C,aac,CTNNB1,39319.6103946957,-28.0543611532531,6,281,15627.5353653833,79679.6688141271,CTNNB1_S33C_ENSP00000344456.5,89,0,TCGA
CTNNB1 S33F,aac,CTNNB1,10341.5620756476,-17.0363845520923,3,278,2571.81845321194,26816.8240371932,CTNNB1_S33F_ENSP00000344456.5,92,0,TCGA
CTNNB1 S33P,aac,CTNNB1,23669.6266286389,-20.6041428344487,4,279,7348.16928558807,54987.2480755964,CTNNB1_S33P_ENSP00000344456.5,91,0,TCGA
CTNNB1 S33Y,aac,CTNNB1,10868.1376993169,-18.0175658747696,3,278,2702.7741572756,28182.2277067999,CTNNB1_S33Y_ENSP00000344456.5,92,0,TCGA
CTNNB1 S37A,aac,CTNNB1,26674.2315779199,-11.818100092366,2,277,4435.36949274493,82366.0231174937,CTNNB1_S37A_ENSP00000344456.5,93,0,TCGA
CTNNB1 S37C,aac,CTNNB1,13234.288383813,-11.2794605557973,2,277,2200.58358262538,40865.6309066223,CTNNB1_S37C_ENSP00000344456.5,93,0,TCGA
CTNNB1 S37F,aac,CTNNB1,6900.91280622303,-11.7702146131136,2,277,1147.47832000774,21308.9936609736,CTNNB1_S37F_ENSP00000344456.5,93,0,TCGA
CTNNB1 S45F,aac,CTNNB1,13751.989308615,-21.3977610715333,4,279,4269.27240530182,31947.3555380306,CTNNB1_S45F_ENSP00000344456.5,91,0,TCGA
CTNNB1 S45P,aac,CTNNB1,91714.5842295875,-48.6219094941644,11,286,47622.2734452648,157082.247312049,CTNNB1_S45P_ENSP00000344456.5,84,0,TCGA
CTNNB1 S45Y,aac,CTNNB1,10854.7242595831,-17.0104360366281,3,278,2699.43486294883,28147.5246246388,CTNNB1_S45Y_ENSP00000344456.5,92,0,TCGA
CTNNB1 T41A,aac,CTNNB1,39870.149163598,-24.9674838514647,5,280,14297.316487768,85693.7347275579,CTNNB1_T41A_ENSP00000344456.5,90,0,TCGA
CTNNB1 T41I,aac,CTNNB1,6383.54309557731,-12.3888563091225,2,277,1061.45104070281,19711.3924548827,CTNNB1_T41I_ENSP00000344456.5,93,0,TCGA
CUBN V874I,aac,CUBN,2284.43810567329,-12.5474765510504,2,346,379.854877594838,7053.98406194584,CUBN_V874I_ENSP00000367064.4,24,0,TCGA
DEFB129 A156T,aac,DEFB129,2520.73353697632,-12.9418908139655,2,369,419.146095196037,7783.62278189831,DEFB129_A156T_ENSP00000246105.4,1,0,TCGA
DNAH9 T3786T,aac,DNAH9,871.461881476595,-13.0475679304164,2,349,144.906185957595,2690.93441449609,DNAH9_T3786T_ENSP00000262442.3,21,0,TCGA
DNM2 E378D,aac,DNM2,6464.89180336236,-12.6194535990934,2,368,1074.97802737638,19962.5691640093,DNM2_E378D_ENSP00000373905.4,2,0,TCGA
DUSP8 T316M,aac,DUSP8,1877.69705175912,-11.4918954780386,2,369,312.221467131523,5798.06710401108,DUSP8_T316M_ENSP00000380530.3,1,0,TCGA
EFR3A R165*,aac,EFR3A,1695.48715273713,-13.3799280253898,2,369,281.924778814001,5235.39235889758,EFR3A_R165*_ENSP00000254624.5,1,0,TCGA
ELF5 C17R,aac,ELF5,11605.1566142875,-11.9425769852673,2,369,1929.69733395335,35834.9773896959,ELF5_C17R_ENSP00000257832.3,1,0,TCGA
EPG5 Y855*,aac,EPG5,4046.94387807546,-12.3107312446969,2,360,672.923097906175,12496.3324851437,EPG5_Y855*_ENSP00000282041.4,10,0,TCGA
EPHA8 K572K,aac,EPHA8,954.241322483877,-12.7508791119799,2,364,158.670630503203,2946.54572252929,EPHA8_K572K_ENSP00000166244.3,6,0,TCGA
EVPL Q1587E,aac,EVPL,12527.4518895273,-11.3805904151718,2,361,2083.05090159543,38683.0505734806,EVPL_Q1587E_ENSP00000301607.3,9,0,TCGA
F5 M413I,aac,F5,2139.45946347603,-12.8629004450462,2,364,355.748003109821,6606.30871961008,F5_M413I_ENSP00000356771.3,6,0,TCGA
F5 Q426L,aac,F5,4027.40212772313,-9.32873938279429,2,364,669.659143864525,12436.667152482,F5_Q426L_ENSP00000356771.3,6,0,TCGA
FAM47B R393W,aac,FAM47B,1579.57203845856,-13.2580220219567,2,366,262.650310962553,4877.46646345886,FAM47B_R393W_ENSP00000328307.5,4,0,TCGA
FBXO38 I937F,aac,FBXO38,15343.8645187062,-12.1784345005337,2,366,2551.36663774157,47379.4859662973,FBXO38_I937F_ENSP00000342023.6,4,0,TCGA
FCGBP S2974T,aac,FCGBP,6688.69785029764,-12.5970547132343,2,353,1112.19253242153,20653.6432442953,FCGBP_S2974T_ENSP00000481056.3,17,0,TCGA
FEZF2 E364*,aac,FEZF2,13269.0747991843,-12.4826058440459,2,367,2206.37277587791,40972.8145690594,FEZF2_E364*_ENSP00000283268.3,3,0,TCGA
FFAR2 V81F,aac,FFAR2,17635.1862310755,-12.8004487902966,2,369,2932.36791842844,54454.6834366023,FFAR2_V81F_ENSP00000473159.1,1,0,TCGA
FLG S1653L,aac,FLG,1926.65006417409,-12.4961252100273,2,335,320.362090241144,5949.19160437231,FLG_S1653L_ENSP00000357789.1,35,0,TCGA
FNDC1 A706T,aac,FNDC1,1217.05024343943,-12.87544284658,2,358,202.370343934097,3758.05635646743,FNDC1_A706T_ENSP00000297267.9,12,0,TCGA
FOXD4L3 A395V,aac,FOXD4L3,1927.7370438132,-14.2736498326101,2,368,320.542971432405,5952.54066221329,FOXD4L3_A395V_ENSP00000341961.2,2,0,TCGA
FPGS L12L,aac,FPGS,1329.08769561724,-12.676809259077,2,369,220.999831779239,4104.01179021512,FPGS_L12L_ENSP00000362344.2,1,0,TCGA
FRMD4B V75F,aac,FRMD4B,6922.53505728026,-12.611305491682,2,367,1151.07491765839,21375.6996680087,FRMD4B_V75F_ENSP00000381549.3,3,0,TCGA
FYB2 L567L,aac,FYB2,2427.21093764453,-11.8772127807748,2,369,403.594293666623,7494.8807894808,FYB2_L567L_ENSP00000345972.6,1,0,TCGA
GABRA6 V81F,aac,GABRA6,1883.85421641221,-12.6963773620268,2,364,313.246060465208,5817.04285911118,GABRA6_V81F_ENSP00000274545.5,6,0,TCGA
GDF2 S69S,aac,GDF2,1204.3631387002,-13.6546630840303,2,362,200.260800886598,3718.87775749751,GDF2_S69S_ENSP00000463051.1,8,0,TCGA
GGT1 A522T,aac,GGT1,2854.98460473884,-12.9007320483327,2,370,474.725075591575,8815.73521323721,GGT1_A522T_ENSP00000383232.1,0,0,TCGA
GNA15 V226V,aac,GNA15,1166.14753009495,-12.7780806322178,2,369,193.906255428016,3600.87751099308,GNA15_V226V_ENSP00000262958.2,1,0,TCGA
GNAS R201C,aac,GNAS,2435.23763044311,-15.9198440173784,3,367,605.6116638344,6314.88213690373,GNAS_R201C_ENSP00000360126.3,3,0,TCGA
GPR137B P39H,aac,GPR137B,4945.30557483937,-13.4360795024368,2,369,822.302532818671,15270.30374622,GPR137B_P39H_ENSP00000355551.3,1,0,TCGA
GRIA1 G252S,aac,GRIA1,1237.7851172114,-12.4758488086741,2,361,205.818048649878,3822.08597693488,GRIA1_G252S_ENSP00000285900.4,9,0,TCGA
GRID1 S123L,aac,GRID1,3892.12717611651,-12.7692318486442,2,366,647.180511300818,12018.2689116144,GRID1_S123L_ENSP00000330148.7,4,0,TCGA
GRM8 R852C,aac,GRM8,944.548802742727,-14.8133550736801,2,364,157.059001833152,2916.61496620071,GRM8_R852C_ENSP00000344173.2,6,0,TCGA
GYS1 R371W,aac,GYS1,2887.22389565909,-12.9037996457784,2,368,480.085817007248,8915.28479626891,GYS1_R371W_ENSP00000317904.3,2,0,TCGA
HAAO G51D,aac,HAAO,3728.17610777321,-12.8066118906209,2,369,619.91882398272,11512.0131289927,HAAO_G51D_ENSP00000294973.6,1,0,TCGA
HEPH L228L,aac,HEPH,1255.68341272804,-12.733301947173,2,367,208.794218865809,3877.35053408806,HEPH_L228L_ENSP00000343939.2,3,0,TCGA
HERC1 I2534K,aac,HERC1,7318.16509278918,-12.3144564838833,2,357,1216.86012457083,22597.3702205739,HERC1_I2534K_ENSP00000390158.2,13,0,TCGA
HIVEP3 P1727P,aac,HIVEP3,1220.84708220909,-12.2020532037886,2,364,203.001454912086,3769.79081878965,HIVEP3_P1727P_ENSP00000361664.1,6,0,TCGA
IDH1 R132C,aac,IDH1,4232.07984012958,-11.0882371977253,2,365,703.705428817021,13068.0992795744,IDH1_R132C_ENSP00000260985.2,5,0,TCGA
INAVA R157W,aac,INAVA,2108.37898480216,-14.3201966795139,2,367,350.580015669523,6510.33393893125,INAVA_R157W_ENSP00000392105.2,3,0,TCGA
INHBE R149G,aac,INHBE,9437.89536507172,-11.8322085474629,2,369,1569.32304230202,29142.9113586469,INHBE_R149G_ENSP00000266646.2,1,0,TCGA
IRAK1BP1 Q97*,aac,IRAK1BP1,3457.56004634065,-13.2373465167627,2,370,574.921057396326,10676.3883910785,IRAK1BP1_Q97*_ENSP00000358956.1,0,0,TCGA
IZUMO1 S276P,aac,IZUMO1,14308.7128407719,-12.4778231338258,2,368,2379.24312290867,44183.0503270625,IZUMO1_S276P_ENSP00000327786.2,2,0,TCGA
JAK1 L910P,aac,JAK1,8816.53971478439,-11.5660123991303,2,363,1466.00586951673,27224.1976914987,JAK1_L910P_ENSP00000343204.4,7,0,TCGA
JAK1 S729C,aac,JAK1,3811.64824889472,-12.5769501295213,2,363,633.798391148164,11769.7674403053,JAK1_S729C_ENSP00000343204.4,7,0,TCGA
KCNA3 S378S,aac,KCNA3,726.36627265999,-12.6782150661933,2,364,120.779739336158,2242.90375900094,KCNA3_S378S_ENSP00000358784.2,6,0,TCGA
KCNA4 R86K,aac,KCNA4,995.308032684897,-12.4908099252265,2,365,165.499158895944,3073.35545704329,KCNA4_R86K_ENSP00000328511.6,5,0,TCGA
KCND3 F83L,aac,KCND3,1854.69277281726,-11.3854146037275,2,370,308.395612634836,5727.06698654146,KCND3_F83L_ENSP00000306923.4,0,0,TCGA
KIF19 A697G,aac,KIF19,19721.1359313912,-11.7175606998838,2,362,3279.2130360011,60895.9556143694,KIF19_A697G_ENSP00000374566.4,8,0,TCGA
KIF26B R1807C,aac,KIF26B,933.2960094433,-12.7746497338257,2,349,155.187918209572,2881.86944518839,KIF26B_R1807C_ENSP00000385545.2,21,0,TCGA
KRAS G12D,aac,KRAS,4277.30924458061,-13.7719683189687,2,366,711.228802703791,13207.6384181648,KRAS_G12D_ENSP00000308495.3,4,0,TCGA
KRT6A G107S,aac,KRT6A,1540.97966698274,-12.8821782396262,2,365,256.2331510154,4758.3000142965,KRT6A_G107S_ENSP00000369317.3,5,0,TCGA
LAMA2 L1900S,aac,LAMA2,7807.29993217739,-12.5038028733067,2,360,1298.19260658005,24107.7107836055,LAMA2_L1900S_ENSP00000400365.2,10,0,TCGA
LCT N714Y,aac,LCT,7215.31567992308,-11.8859263485978,2,364,1199.75763421678,22279.8152692353,LCT_N714Y_ENSP00000264162.2,6,0,TCGA
LGALS9 R334S,aac,LGALS9,2002.11485464661,-12.5021804133956,2,368,332.910323990359,6182.21480940575,LGALS9_R334S_ENSP00000378856.2,2,0,TCGA
LOXL3 N625N,aac,LOXL3,2987.59732687081,-12.1431600721567,2,368,496.775407414553,9225.24270959886,LOXL3_N625N_ENSP00000264094.3,2,0,TCGA
LRRC4C R64R,aac,LRRC4C,576.604244440035,-11.530871790967,2,364,95.8772443715834,1780.47020065291,LRRC4C_R64R_ENSP00000437132.1,6,0,TCGA
MED12L M245I,aac,MED12L,1260.64425783026,-12.6671213822538,2,365,209.61909425119,3892.66944132529,MED12L_M245I_ENSP00000508695.1,5,0,TCGA
MED12 V1229E,aac,MED12,12657.9670205562,-13.1738550491042,2,365,2104.7592129784,39085.7659873402,MED12_V1229E_ENSP00000363193.3,5,0,TCGA
MEP1A Q645L,aac,MEP1A,3741.29754814757,-10.577691845725,2,367,622.093567933947,11552.8591179258,MEP1A_Q645L_ENSP00000230588.4,3,0,TCGA
MFF P113L,aac,MFF,2015.3224522901,-13.0678897839608,2,369,335.106599559835,6222.99237263246,MFF_P113L_ENSP00000304898.10,1,0,TCGA
MICALL1 L35L,aac,MICALL1,724.68931203597,-12.7258811044302,2,364,120.500897402353,2237.72541044363,MICALL1_L35L_ENSP00000215957.6,6,0,TCGA
MTRF1L E126G,aac,MTRF1L,12720.4945439718,-12.6655819958677,2,368,2115.1555958864,39278.8654997162,MTRF1L_E126G_ENSP00000356202.5,2,0,TCGA
MYBPC1 L464L,aac,MYBPC1,930.192536762873,-12.8518329068004,2,369,154.671882029971,2872.28606462999,MYBPC1_L464L_ENSP00000354849.2,1,0,TCGA
MYEOV S76P,aac,MYEOV,11913.6791880775,-12.0701655294771,2,370,1980.99757244463,36787.6135522987,MYEOV_S76P_ENSP00000412482.2,0,0,TCGA
MYH1 S1132F,aac,MYH1,1010.8830031826,-13.2907415800205,2,355,168.089058462811,3121.44456490093,MYH1_S1132F_ENSP00000226207.5,15,0,TCGA
MYH2 N660S,aac,MYH2,1914.42600559533,-12.6317700898408,2,362,318.329513028658,5911.44399275533,MYH2_N660S_ENSP00000245503.5,8,0,TCGA
MYO18A R1646W,aac,MYO18A,2326.64560547166,-12.8856021358126,2,359,386.873213878039,7184.30934888138,MYO18A_R1646W_ENSP00000437073.1,11,0,TCGA
MYOCD S361Y,aac,MYOCD,1857.27025670175,-13.4394010753009,2,362,308.825839126171,5734.94959459514,MYOCD_S361Y_ENSP00000401678.1,8,0,TCGA
NAPA M218R,aac,NAPA,14807.9280919457,-12.204352827733,2,369,2462.25149203085,45724.5833908414,NAPA_M218R_ENSP00000263354.2,1,0,TCGA
NAT9 P198P,aac,NAT9,2525.86662645417,-11.770509421732,2,370,419.998450687395,7799.52706817983,NAT9_P198P_ENSP00000350467.3,0,0,TCGA
NAV2 S929S,aac,NAV2,1817.94956095119,-12.4319223871644,2,362,302.287419439019,5613.54267521222,NAV2_S929S_ENSP00000309577.6,8,0,TCGA
NBR1 E544K,aac,NBR1,3876.90737696878,-12.8445841416231,2,364,644.649808499021,11971.2712883898,NBR1_E544K_ENSP00000466667.1,6,0,TCGA
NCALD R181L,aac,NCALD,6040.59619295981,-13.6145858526938,2,370,1004.42680224707,18652.3851680849,NCALD_R181L_ENSP00000220931.6,0,0,TCGA
NCAM2 K402M,aac,NCAM2,4687.35503748436,-12.0352464061433,2,366,779.409801747025,14473.8345372426,NCAM2_K402M_ENSP00000383392.1,4,0,TCGA
NDNF T60R,aac,NDNF,7898.31219027624,-13.0449060563817,2,369,1313.32655010302,24388.7230582658,NDNF_T60R_ENSP00000369014.4,1,0,TCGA
NEB D4097H,aac,NEB,21239.1654277417,-15.5808277152489,2,352,3531.63613492196,65583.0215088519,NEB_D4097H_ENSP00000380505.3,18,0,TCGA
NFATC2 Q357P,aac,NFATC2,15755.3183297899,-11.4488286264815,2,365,2619.77923083889,48650.1570395785,NFATC2_Q357P_ENSP00000360619.3,5,0,TCGA
NFATC4 E733K,aac,NFATC4,3204.37808161808,-12.4823993660684,2,365,532.82144502282,9894.63391603459,NFATC4_E733K_ENSP00000250373.4,5,0,TCGA
NFIC A393V,aac,NFIC,3103.48721678283,-12.9326804646162,2,367,516.045947582051,9583.07171480104,NFIC_A393V_ENSP00000396843.2,3,0,TCGA
NLRP7 A108T,aac,NLRP7,3212.18251251439,-12.7768159118545,2,364,534.119681724191,9918.70813928664,NLRP7_A108T_ENSP00000468706.1,6,0,TCGA
NPLOC4 F471V,aac,NPLOC4,16373.7561723003,-11.7003898981062,2,368,2722.61417649042,50559.7266155453,NPLOC4_F471V_ENSP00000331487.5,2,0,TCGA
NRG2 R269S,aac,NRG2,12772.277271642,-11.5316155189682,2,369,2123.76218966492,39438.9445625641,NRG2_R269S_ENSP00000354910.1,1,0,TCGA
NTRK2 F746C,aac,NTRK2,6489.44660199584,-11.9186507819893,2,362,1079.06017310852,20038.4276148931,NTRK2_F746C_ENSP00000277120.3,8,0,TCGA
NUP133 L372Q,aac,NUP133,3166.24393527047,-13.2783703573941,2,360,526.481189963698,9776.8508440698,NUP133_L372Q_ENSP00000261396.3,10,0,TCGA
OBSCN L2280Q,aac,OBSCN,2324.62784303806,-12.7219953064724,2,328,386.537643917184,7178.08170828666,OBSCN_L2280Q_ENSP00000505517.1,42,0,TCGA
OR1K1 V282A,aac,OR1K1,11400.6211343411,-12.4530290181947,2,370,1895.68824448093,35203.3426430492,OR1K1_V282A_ENSP00000277309.2,0,0,TCGA
OR4F4 F117Y,aac,OR4F4,7679.01481909055,-11.9474333153366,2,370,1276.86055968178,23711.6281295708,OR4F4_F117Y_ENSP00000497674.1,0,0,TCGA
OR4M1 L66P,aac,OR4M1,3628.56682389676,-11.9310903877157,2,366,603.355233905432,11204.4629953723,OR4M1_L66P_ENSP00000492985.1,4,0,TCGA
OR5H14 I289T,aac,OR5H14,4081.40523186418,-12.158591351898,2,363,678.653129746316,12602.7521235375,OR5H14_I289T_ENSP00000493226.1,7,0,TCGA
OR5I1 F221L,aac,OR5I1,1029.45169669202,-12.9073629302531,2,367,171.176630884636,3178.78358680006,OR5I1_F221L_ENSP00000301532.3,3,0,TCGA
OR8H2 Y123F,aac,OR8H2,3438.28125500839,-12.3131448512827,2,363,571.714970761905,10616.8774424191,OR8H2_Y123F_ENSP00000323982.1,7,0,TCGA
OSBPL6 Y182Y,aac,OSBPL6,8626.10555749614,-12.170012493275,2,367,1434.34245027325,26636.0834702585,OSBPL6_Y182Y_ENSP00000190611.4,3,0,TCGA
PAX2 P323P,aac,PAX2,571.908479662729,-12.673032298089,2,368,95.0966009910576,1765.9626544245,PAX2_P323P_ENSP00000347385.3,2,0,TCGA
PCDHA1 A744A,aac,PCDHA1,429.831166780444,-13.0163918999817,2,363,71.4720812796013,1327.24957757398,PCDHA1_A744A_ENSP00000420840.3,7,0,TCGA
PCLO D2254N,aac,PCLO,1773.81140890512,-12.5453448903925,2,321,294.948190230515,5477.24942567551,PCLO_D2254N_ENSP00000334319.8,49,0,TCGA
PDE6B R100S,aac,PDE6B,4318.59586755055,-12.391416901443,2,365,718.093166870689,13335.1625099652,PDE6B_R100S_ENSP00000420295.1,5,0,TCGA
PDIA2 I443I,aac,PDIA2,2780.69818226005,-12.6614877262009,2,366,462.373004680276,8586.36003596073,PDIA2_I443I_ENSP00000219406.7,4,0,TCGA
PDXDC1 L5L,aac,PDXDC1,761.028576258228,-12.9215973758294,2,367,126.543383336162,2349.93463905026,PDXDC1_L5L_ENSP00000379691.4,3,0,TCGA
PIK3CA H1047L,aac,PIK3CA,8026.86754955395,-12.7672106800808,2,359,1334.70218127645,24785.7025858099,PIK3CA_H1047L_ENSP00000263967.3,11,0,TCGA
PIK3CA H1047R,aac,PIK3CA,8422.5869399013,-18.3154485237988,3,360,2094.59558759845,21840.6613248066,PIK3CA_H1047R_ENSP00000263967.3,10,0,TCGA
PIWIL4 C86S,aac,PIWIL4,2146.27910932404,-11.9593145837369,2,364,356.881611736404,6627.38315542627,PIWIL4_C86S_ENSP00000299001.6,6,0,TCGA
PLCL2 Y784C,aac,PLCL2,3350.07131702015,-11.0503095000203,2,368,557.045737114406,10344.5799331637,PLCL2_Y784C_ENSP00000478458.1,2,0,TCGA
PLEKHG6 P122S,aac,PLEKHG6,5641.8872944534,-12.9545513012772,2,370,938.129570520906,17421.2433751703,PLEKHG6_P122S_ENSP00000506982.1,0,0,TCGA
PLG Y175N,aac,PLG,3003.30986525282,-13.2654712423687,2,365,499.388588810925,9273.73632988964,PLG_Y175N_ENSP00000308938.9,5,0,TCGA
PRAME L482R,aac,PRAME,4497.8172415579,-11.6347534370352,2,365,747.888819203862,13888.8256492522,PRAME_L482R_ENSP00000384343.3,5,0,TCGA
PROM2 A153A,aac,PROM2,1035.24895170084,-12.6584054359711,2,366,172.140579888834,3196.68578507934,PROM2_A153A_ENSP00000318270.9,4,0,TCGA
PRRC2A P288S,aac,PRRC2A,3165.16238131596,-13.1056580797491,2,365,526.301329365161,9773.51166755404,PRRC2A_P288S_ENSP00000365201.2,5,0,TCGA
PXDNL R675R,aac,PXDNL,1795.226977511,-12.2218176674996,2,355,298.509052638258,5543.38202497837,PXDNL_R675R_ENSP00000348645.4,15,0,TCGA
RABGAP1 E23E,aac,RABGAP1,5988.21261784424,-12.18809403646,2,368,995.715676825871,18490.6724953855,RABGAP1_E23E_ENSP00000362751.4,2,0,TCGA
RANGAP1 I207V,aac,RANGAP1,6440.3802122455,-11.5982971574633,2,368,1070.90071450989,19886.9516571889,RANGAP1_I207V_ENSP00000348577.3,2,0,TCGA
RASGRP4 S10F,aac,RASGRP4,2560.97476070668,-12.2111008282731,2,368,425.836298500695,7907.93236017928,RASGRP4_S10F_ENSP00000479844.1,2,0,TCGA
REPS1 D606G,aac,REPS1,10390.1340764015,-12.2107814976268,2,368,1727.66409154312,32083.1232934999,REPS1_D606G_ENSP00000392065.2,2,0,TCGA
REV3L K2647K,aac,REV3L,3567.14288112783,-11.2988953654801,2,358,593.140768885431,11014.8393332264,REV3L_K2647K_ENSP00000357792.3,12,0,TCGA
RNF145 V548V,aac,RNF145,1413.61779524155,-12.0588355089921,2,366,235.055246519018,4365.03682682083,RNF145_V548V_ENSP00000409064.2,4,0,TCGA
RNF19A N413H,aac,RNF19A,20766.931436528,-11.9891644550424,2,368,3453.10977360289,64125.1189991294,RNF19A_N413H_ENSP00000342667.2,2,0,TCGA
RTF1 S607F,aac,RTF1,3975.87902074855,-12.8416332443944,2,369,661.106779488142,12276.8802110445,RTF1_S607F_ENSP00000374280.4,1,0,TCGA
RYR2 D3704V,aac,RYR2,5915.49719911359,-11.7637151638675,2,329,983.623256529332,18266.2019284366,RYR2_D3704V_ENSP00000355533.2,41,0,TCGA
SCAP R898W,aac,SCAP,3571.21999345865,-12.815338892808,2,366,593.820207507349,11027.3593400178,SCAP_R898W_ENSP00000265565.5,4,0,TCGA
SCN11A A245A,aac,SCN11A,497.232144387142,-12.3916267361914,2,362,82.6794328195127,1535.37505941984,SCN11A_A245A_ENSP00000307599.3,8,0,TCGA
SEMA3A S505S,aac,SEMA3A,1251.41664270467,-11.6699152135286,2,358,208.084226476152,3864.19954175907,SEMA3A_S505S_ENSP00000265362.3,12,0,TCGA
SERPINA7 Q234*,aac,SERPINA7,3635.00296068017,-12.9074133413441,2,370,604.426069522431,11224.3071157304,SERPINA7_Q234*_ENSP00000361644.1,0,0,TCGA
SIGLEC6 G159G,aac,SIGLEC6,465.103991167543,-12.5555882155958,2,365,77.3371948390845,1436.16785028312,SIGLEC6_G159G_ENSP00000401502.2,5,0,TCGA
SLC27A1 A155D,aac,SLC27A1,4681.79642766432,-13.6748918309981,2,370,778.486370084029,14456.6305122822,SLC27A1_A155D_ENSP00000252595.6,0,0,TCGA
SLC32A1 I496V,aac,SLC32A1,2933.26941391251,-11.543551578535,2,370,487.741304235571,9057.50968711838,SLC32A1_I496V_ENSP00000217420.1,0,0,TCGA
SLC5A5 R555C,aac,SLC5A5,1311.43104487157,-12.8603782941264,2,369,218.063928180903,4049.48930730684,SLC5A5_R555C_ENSP00000222248.2,1,0,TCGA
SLC6A8 S477S,aac,SLC6A8,1386.61181658587,-12.1222162319934,2,370,230.56477816232,4281.64336319819,SLC6A8_S477S_ENSP00000253122.5,0,0,TCGA
SLCO5A1 V64V,aac,SLCO5A1,864.521528405667,-12.8163747555789,2,362,143.752124422109,2669.50485348622,SLCO5A1_V64V_ENSP00000260126.3,8,0,TCGA
SMAD7 L253P,aac,SMAD7,9717.66066848027,-11.7602819101446,2,369,1615.84395434884,30006.7067963144,SMAD7_L253P_ENSP00000262158.2,1,0,TCGA
SMYD3 K77R,aac,SMYD3,5958.55796666095,-12.2975461541741,2,368,990.784850098115,18399.0972855352,SMYD3_K77R_ENSP00000419184.2,2,0,TCGA
SPATA20 A611A,aac,SPATA20,1289.53913452849,-12.8488824907181,2,366,214.423727491777,3981.89184618151,SPATA20_A611A_ENSP00000006658.6,4,0,TCGA
SPRR1B Q20P,aac,SPRR1B,11865.1931002348,-12.3840761788597,2,369,1972.93759221815,36637.8827168752,SPRR1B_Q20P_ENSP00000306461.4,1,0,TCGA
SRC S446*,aac,SRC,22613.3447132357,-12.4779832669822,2,367,3760.1319879692,69826.4582689193,SRC_S446*_ENSP00000362680.2,3,0,TCGA
SRL I431T,aac,SRL,4624.84889995265,-11.2276171197371,2,369,769.014762916491,14280.8990327739,SRL_I431T_ENSP00000382518.3,1,0,TCGA
STAT3 Y640F,aac,STAT3,11508.0389541032,-9.59360909120397,2,368,1913.51794796141,35536.5122334567,STAT3_Y640F_ENSP00000264657.4,2,0,TCGA
STXBP5 V916V,aac,STXBP5,1418.12714775024,-12.0589117803923,2,366,235.805061297001,4378.96093522155,STXBP5_V916V_ENSP00000321826.6,4,0,TCGA
SYNJ1 S1034L,aac,SYNJ1,5512.69902595375,-12.8676544088444,2,366,916.648212278416,17022.3331110102,SYNJ1_S1034L_ENSP00000501530.1,4,0,TCGA
TADA2A L187L,aac,TADA2A,2334.38407082725,-11.3362806979137,2,369,388.157838355444,7208.30368070086,TADA2A_L187L_ENSP00000481091.1,1,0,TCGA
TENM1 K2584M,aac,TENM1,4555.01642453742,-12.4239718480811,2,359,757.405007349582,14065.1771198964,TENM1_K2584M_ENSP00000403954.4,11,0,TCGA
TGFB2 T258T,aac,TGFB2,1674.43987752098,-11.2649987849223,2,368,278.424101249814,5170.4440209098,TGFB2_T258T_ENSP00000355897.4,2,0,TCGA
TGFBI D305G,aac,TGFBI,16602.0562405457,-12.4672904230058,2,368,2760.578993005,51264.5401985505,TGFBI_D305G_ENSP00000416330.2,2,0,TCGA
TMBIM6 D202G,aac,TMBIM6,9484.432476562,-12.2628187624562,2,369,1577.06474239812,29286.4515424253,TMBIM6_D202G_ENSP00000267115.5,1,0,TCGA
TNNI2 R113W,aac,TNNI2,2606.67253105518,-14.3857081251919,2,367,433.436078671805,8048.98491845446,TNNI2_R113W_ENSP00000371336.1,3,0,TCGA
TP53 H193R,aac,TP53,10031.2057806329,-17.1511164358539,3,265,2494.63257095167,26012.1236611726,TP53_H193R_ENSP00000269305.4,105,0,TCGA
TP53 Q192*,aac,TP53,5565.93218681763,-12.4848086077861,2,264,925.498874039076,17186.747708451,TP53_Q192*_ENSP00000269305.4,106,0,TCGA
TP53 R248Q,aac,TP53,4972.02975728053,-18.116456155532,3,265,1236.48166617979,12893.0421377113,TP53_R248Q_ENSP00000269305.4,105,0,TCGA
TP53 R249S,aac,TP53,19750.4154017911,-37.1367375568096,10,272,9895.12044791974,34648.0748470342,TP53_R249S_ENSP00000269305.4,98,0,TCGA
TP53 R273H,aac,TP53,2275.30632377571,-11.9040317796303,2,264,378.336109858198,7025.80224394319,TP53_R273H_ENSP00000269305.4,106,0,TCGA
TP53 V157F,aac,TP53,31725.7456410475,-17.0109593238819,3,265,7889.7996694995,82268.4100792304,TP53_V157F_ENSP00000269305.4,105,0,TCGA
TP53 Y205C,aac,TP53,3836.83452220154,-11.1352941605121,2,264,637.983651657581,11847.6654915109,TP53_Y205C_ENSP00000269305.4,106,0,TCGA
TP53 Y220C,aac,TP53,3836.68911639357,-11.1262080771806,2,264,637.959414126751,11847.2189376478,TP53_Y220C_ENSP00000269305.4,106,0,TCGA
TRERF1 K889N,aac,TRERF1,3350.85228969992,-12.2762156906875,2,364,557.177356150062,10346.9097212691,TRERF1_K889N_ENSP00000512293.1,6,0,TCGA
TRIOBP S710A,aac,TRIOBP,29757.5724744788,-12.1760828404715,2,360,4948.06952053652,91886.8141294595,TRIOBP_S710A_ENSP00000496394.1,10,0,TCGA
TRMT13 V109L,aac,TRMT13,22003.958383477,-11.8978124313308,2,369,3658.80030033998,67944.9047665934,TRMT13_V109L_ENSP00000359160.2,1,0,TCGA
TSNAX V224V,aac,TSNAX,1725.38254338611,-12.1672796691564,2,369,286.895544456025,5327.71788149014,TSNAX_V224V_ENSP00000355599.3,1,0,TCGA
TST D220D,aac,TST,3231.0018526614,-11.5422674968534,2,368,537.247980717851,9976.86401619096,TST_D220D_ENSP00000249042.3,2,0,TCGA
TTLL3 P312S,aac,TTLL3,3826.13018929574,-12.8506264600188,2,368,636.206593534518,11814.4787790423,TTLL3_P312S_ENSP00000510679.1,2,0,TCGA
TTN T16317T,aac,TTN,3084.18791916156,-11.1120553989603,2,250,512.835228139601,9523.55488414978,TTN_T16317T_ENSP00000467141.1,120,0,TCGA
TTN Y10401Y,aac,TTN,4531.35250582523,-11.7540636267838,2,250,753.469455162721,13992.1750143946,TTN_Y10401Y_ENSP00000467141.1,120,0,TCGA
TYRO3 G194R,aac,TYRO3,1949.52489946379,-12.7428015743809,2,367,324.165758587679,6019.82281648395,TYRO3_G194R_ENSP00000263798.3,3,0,TCGA
U2AF2 T450M,aac,U2AF2,1922.25136747201,-10.6459813379334,2,368,319.628829215952,5935.69501452672,U2AF2_T450M_ENSP00000307863.3,2,0,TCGA
UBR3 Q1759H,aac,UBR3,5274.92131891915,-12.3679214706913,2,369,877.110285933832,16288.1306795139,UBR3_Q1759H_ENSP00000272793.5,1,0,TCGA
UGT2B7 V8L,aac,UGT2B7,3571.01779946198,-12.3902966395974,2,367,593.786396459016,11026.7427943092,UGT2B7_V8L_ENSP00000304811.7,3,0,TCGA
USH2A S2492S,aac,USH2A,655.808028750301,-11.7476840033745,2,338,109.047225286956,2025.04170379591,USH2A_S2492S_ENSP00000305941.3,32,0,TCGA
USP45 A805T,aac,USP45,4286.62956302411,-13.3115558364463,2,369,712.778439204206,13236.4239563591,USP45_A805T_ENSP00000424372.1,1,0,TCGA
USP7 T860I,aac,USP7,6269.69486197992,-12.7924982908199,2,367,1042.52100175253,19359.8196974833,USP7_T860I_ENSP00000343535.4,3,0,TCGA
VARS1 E262D,aac,VARS1,8928.86399116391,-12.0371521703838,2,365,1484.68460884128,27570.9672999677,VARS1_E262D_ENSP00000364815.3,5,0,TCGA
VCP N24T,aac,VCP,13977.3551485082,-11.7449188238216,2,368,2324.14274604182,43159.9846426788,VCP_N24T_ENSP00000351777.6,2,0,TCGA
VCX2 R46H,aac,VCX2,1081.76545865486,-11.1941726994457,2,370,179.874676971163,3340.34606701112,VCX2_R46H_ENSP00000321309.4,0,0,TCGA
VCX R46H,aac,VCX,1119.88079894246,-11.181905221284,2,369,186.212441376485,3458.0416776978,VCX_R46H_ENSP00000509688.1,1,0,TCGA
ZBTB37 V243V,aac,ZBTB37,5005.31989630851,-12.2067861523581,2,368,832.280981802434,15455.6510472279,ZBTB37_V243V_ENSP00000356674.4,2,0,TCGA
ZBTB41 K470K,aac,ZBTB41,3703.68791714427,-11.3841902735456,2,369,615.845515617263,11436.4634600492,ZBTB41_K470K_ENSP00000356375.3,1,0,TCGA
ZBTB7C R561C,aac,ZBTB7C,2573.81000469997,-11.3400053390225,2,367,427.970575793143,7947.5642023176,ZBTB7C_R561C_ENSP00000467877.1,3,0,TCGA
ZFHX4 R2640L,aac,ZFHX4,4366.43075026724,-12.4838724372515,2,352,726.047218061215,13482.8677643298,ZFHX4_R2640L_ENSP00000498627.1,18,0,TCGA
ZFPM2 R14R,aac,ZFPM2,652.803895189912,-13.3102943235185,2,362,108.547934182375,2015.75423661703,ZFPM2_R14R_ENSP00000384179.2,8,0,TCGA
ZIM2 L398L,aac,ZIM2,761.45213549441,-12.8594413062267,2,368,126.613814519724,2351.24240171572,ZIM2_L398L_ENSP00000486502.2,2,0,TCGA
ZNF512 G95V,aac,ZNF512,8104.73973384545,-12.6371709638165,2,370,1347.6508731118,25026.1541046331,ZNF512_G95V_ENSP00000347648.3,0,0,TCGA
