variant_A,variant_B,ces_A0,ces_B0,ces_A_on_B,ces_B_on_A,p_A_change,p_B_change,p_epistasis,expected_nAB_epistasis,expected_nAB_null,AB_epistatic_ratio,ces_A_null,ces_B_null,nA0,nB0,nAB,n00,n_total,ci_low_95_ces_A0,ci_high_95_ces_A0,ci_low_95_ces_B0,ci_high_95_ces_B0,ci_low_95_ces_A_on_B,ci_high_95_ces_A_on_B,ci_low_95_ces_B_on_A,ci_high_95_ces_B_on_A,cohort
CDKN2A,CTNNB1,112290.48059458,1280542.03944623,613309.647375577,0.001,0.935617072842741,0.982004415813276,0.756126336568884,1.10929588054205,0.542388599394781,2.04520500943391,154352.341566162,1277469.43557669,2,86,1,404,493,18671.1958908233,346761.169665763,1029671.94759848,1569312.53898583,34930.4812457529,2718798.50661214,,24607372.2605304,CLCA
CDKN2A,ENSG00000291313,154863.952403216,701540.843995241,0.001,0.001,0.990182155077002,0.988464312909646,0.978759807850669,7.99020556749991e-11,0.0200745515828751,3.98026602712066e-09,154352.341566162,698825.922921731,3,3,0,487,493,38512.2314014927,401573.891383855,174463.951347442,1819173.66267622,,34317842.2079074,,140379840.867548,CLCA
CDKN2A,IL6ST,154890.687287326,1442827.09614259,0.001,0.001,0.989634567394096,0.985860553498597,0.975641772484031,8.88699384807116e-11,0.02461996552949,3.60966949260195e-09,154352.341566162,1437683.4122234,3,4,0,486,493,38519.3574320996,401648.005189694,447921.757096489,3351795.81689161,,31528222.253067,,222857864.210223,CLCA
CDKN2A,JAK1,157221.412158142,1592670.05190425,0.001,0.001,0.946263669895575,0.949221719014338,0.898215826928921,3.97092178583414e-10,0.110336709394548,3.59891264441709e-09,154352.341566162,1588492.62566673,3,20,0,470,493,39099.6247468041,407705.741468371,992643.090289897,2396346.35976872,,5509373.90234841,,67241140.0087675,CLCA
CDKN2A,NFIC,154844.333227495,290352.088041974,0.001,0.001,0.990518922618784,0.9887843215611,0.97940965873483,9.87019710754766e-11,0.0197493354523112,4.99773631947326e-09,154352.341566162,289260.205694588,3,3,0,487,493,38507.8550911767,401528.087521682,72206.8076506124,752915.078832158,,35379364.1680543,,58142535.4464606,CLCA
CDKN2A,P4HA1,154618.294946947,194473.534979908,0.001,0.001,0.994863660333062,0.99442205427486,0.989314390072205,7.34067238960558e-11,0.0125644299299389,5.84242375542564e-09,154352.341566162,193930.284383822,3,2,0,488,493,38451.6148334107,400940.764876707,32336.9971194244,600507.618808121,,71141659.8075817,,77837616.7849262,CLCA
CDKN2A,PIK3CA,134817.904827276,544289.876822412,7288095.97257957,57122769.2026341,0.976529263753084,0.92339934187763,0.0383179703097574,1.18009168614014,0.0244489183707057,48.2676439197451,154352.341566162,641912.398767851,2,3,1,487,493,25189.4984871987,379141.453163952,138510.304484706,1373892.92954436,,83547543.3251935,,554309513.150627,CLCA
CDKN2A,STAT3,154932.71039524,2884461.77504678,0.001,0.001,0.988820246796344,0.988669810357241,0.97761684597533,8.66226479651414e-11,0.0252327953302195,3.4329390315864e-09,154352.341566162,2877868.28749327,3,5,0,485,493,38529.8594559736,401757.534826384,1034346.65431765,6199772.4049538,,28799272.8908376,,593788235.508574,CLCA
CDKN2A,TP53,183836.201536129,623454.144622143,0.001,0.001,0.592361214356993,0.651333658697272,0.385894915399487,3.85527279544995e-09,0.863153918729667,4.46649515433341e-09,154352.341566162,621436.350437663,3,147,0,343,493,45713.8746471109,476796.153473028,527504.824530432,730544.40991513,,617999.490079152,,3067633.98390767,CLCA
CTNNB1,ENSG00000291313,1281099.06970688,504089.7939422,0.001,3066914.71225231,0.929264367006753,0.778054088211958,0.671638083142292,1.22238092681067,0.542493576330036,2.25326341203903,1277469.43557669,698825.922921731,86,2,1,404,493,1030108.96572432,1569987.88712792,83818.1977446692,1556660.17677319,,19360411.1804006,174628.777920926,13610088.0243966,CLCA
CTNNB1,IL6ST,1251074.31703323,1581286.08940509,10400404.7837632,0.001,0.923709571691849,0.970199981404551,0.315856033951859,2.01822094570554,0.703703128878894,2.86800052874693,1277469.43557669,1437683.4122234,85,2,2,404,493,1003326.59548073,1536710.02368328,490884.469560602,3673920.24048418,1507446.29232236,61911433.6772419,,15822768.5793349,CLCA
CTNNB1,JAK1,1174856.20649027,1759013.63314271,8067802.61176586,0.001,0.183765769396173,0.643820262148408,0.0194477999376011,8.17967958154494,3.22625228969687,2.53535026001128,1277469.43557669,1588492.62566673,79,12,8,394,493,934187.773304611,1453821.11018918,1096090.07716402,2647333.68783232,3453217.92121347,17071222.0052315,,4184701.51499639,CLCA
CTNNB1,NFIC,1282295.73669741,314669.988737151,0.001,0.001,0.731161594690694,0.777361804734874,0.568409947821323,1.21137293989174e-09,0.541449198355503,2.23727903480315e-09,1277469.43557669,289260.205694588,87,3,0,403,493,1031067.35098867,1571460.99769278,78244.5053272743,815957.101374685,,8688956.33821349,,2308109.6055512,CLCA
CTNNB1,P4HA1,1278965.32376367,107925.57067839,118543.225134381,1028732.63966771,0.997438739875338,0.983781508633803,0.591209378922086,1.00193092077765,0.36397016607023,2.75278309647039,1277469.43557669,193930.284383822,86,1,1,405,493,1028382.53821742,1567408.06640284,6158.01870080047,475145.044046494,,75068009.1264741,49217.8614405409,4599275.65631011,CLCA
CTNNB1,PIK3CA,1250889.2465421,706359.223376782,10794112.4727632,0.001,0.847820547719875,0.968788774143287,0.293583156799128,2.0833839249664,0.71610835694423,2.90931379973918,1277469.43557669,641912.398767851,85,2,2,404,493,1003186.07139237,1536488.98825226,219277.594366292,1641125.50615501,1575196.72383099,61369696.6600755,,7006017.76029243,CLCA
CTNNB1,STAT3,1283022.21510105,3244255.6420409,0.001,0.001,0.700589926942289,0.550583480345338,0.385817199642117,4.93144340358957e-10,0.775689265762779,6.35749857739775e-10,1277469.43557669,2877868.28749327,87,5,0,401,493,1031660.38093649,1572361.68639118,1163187.24457126,6975060.28542432,,7374032.76919032,,9865964.29540039,CLCA
CTNNB1,TP53,1227393.36993093,692270.19528762,1531466.75276645,0.001,0.859233899863501,0.379765749490829,0.030854269223275,16.6890264217217,24.8838941770702,0.670675831642949,1277469.43557669,621436.350437663,70,130,17,276,493,960959.608505441,1539495.23987637,585330.754762076,811799.269178269,906849.678407684,2405538.53677525,,343179.321935575,CLCA
ENSG00000291313,IL6ST,700749.995978059,1441340.25004494,0.001,0.001,0.991799112031284,0.989897300084912,0.981779311703851,2.78094191419461e-11,0.0260060810193625,1.06934294026236e-09,698825.922921731,1437683.4122234,3,4,0,486,493,174268.097934459,1817121.3921385,447463.931928462,3348359.76965125,,184356150.562197,,312432077.779052,CLCA
ENSG00000291313,JAK1,710013.544947154,1511285.85573227,0.001,46757760.6925211,0.995380173988697,0.889138331949511,0.180377935123509,1.11690859135563,0.10708407711429,10.4302023368382,698825.922921731,1588492.62566673,2,19,1,471,493,176570.656675741,1841162.31669732,929497.072085433,2296428.68790093,,49588037.3531669,2466601.75914819,330841117.589131,CLCA
ENSG00000291313,NFIC,700877.095336397,290176.004501083,0.001,0.001,0.991262413015068,0.990576763183827,0.98192157268727,5.53980238418572e-11,0.0225259893169463,2.45929371014047e-09,698825.922921731,289260.205694588,3,3,0,487,493,174299.550401427,1817450.58761968,72163.2002500801,752458.331542322,,175335069.711053,,67572134.7180029,CLCA
ENSG00000291313,P4HA1,466256.693247389,194396.72257628,235208867.40186,0.001,0.606547518265966,0.998429987526527,0.0155846179468936,1.0828841751951,0.0118478339273692,91.3993377889586,698825.922921731,193930.284383822,2,1,1,489,493,77528.9117399013,1439728.75130598,32324.0947437034,600267.121337076,11510563.9103718,,,137070092.069761,CLCA
ENSG00000291313,PIK3CA,701091.821898229,644221.85075046,0.001,0.001,0.990358007880219,0.985828453878094,0.976323199526647,3.45029222206805e-11,0.0229470889107522,1.50358602587336e-09,698825.922921731,641912.398767851,3,4,0,486,493,174352.787268822,1818005.50289324,199994.394361826,1496564.93524907,,153848557.35191,,98662215.2269401,CLCA
ENSG00000291313,STAT3,700598.250223148,2883140.3981292,0.001,0.001,0.99244020304183,0.990919066411422,0.983427978615163,1.96336285987822e-11,0.0219641720287656,8.93893408459415e-10,698825.922921731,2877868.28749327,3,5,0,485,493,174230.37289525,1816726.44687304,1033873.35547408,6196923.00298013,,195314020.139079,,703498830.823654,CLCA
ENSG00000291313,TP53,850567.508712892,623592.421322825,0.001,0.001,0.555144125918596,0.634630913416485,0.352387371978644,1.55187576678095e-09,0.861657517998105,1.80103548610176e-09,698825.922921731,621436.350437663,3,147,0,343,493,211496.751782598,2206255.29878256,527620.987092718,730707.448654233,,2516220.41847677,,2879823.42654197,CLCA
IL6ST,JAK1,1461806.75150267,1595261.1388742,0.001,0.001,0.935718909861371,0.919292891476211,0.860202770016761,1.02997501152946e-10,0.152493387933103,6.75422735037729e-10,1437683.4122234,1588492.62566673,4,20,0,469,493,453815.671147582,3395952.15079665,994244.728635145,2400235.80613121,,42673660.6166867,,40662451.9779252,CLCA
IL6ST,NFIC,1442155.55968169,290199.135107984,0.001,0.001,0.987685136856845,0.990376593411994,0.978180308815767,5.26350846588586e-11,0.0251985184160723,2.08881664349307e-09,1437683.4122234,289260.205694588,4,3,0,486,493,447714.562321623,3350241.85990074,72168.1274384517,752509.502556967,,259952414.542956,,65015982.808303,CLCA
IL6ST,P4HA1,1439912.50970586,195197.054551388,0.001,0.001,0.993834435759555,0.987080017841227,0.980994170742936,4.67912236463541e-11,0.0159194562945835,2.93924759618044e-09,1437683.4122234,193930.284383822,4,2,0,487,493,447020.453922623,3345036.7873558,32457.0729191408,602744.765638541,,566389015.604272,,32995770.9186007,CLCA
IL6ST,PIK3CA,1445936.98406983,645739.554666507,0.001,0.001,0.977416937392683,0.976565811651561,0.954512293452414,3.57838539615657e-11,0.0314795349644268,1.1367338812979e-09,1437683.4122234,641912.398767851,4,4,0,485,493,448887.825724652,3359044.40833286,200468.208649918,1500121.43098936,,133739032.286172,,57685033.6607336,CLCA
IL6ST,STAT3,1440861.5864801,2891145.38927413,0.001,0.001,0.991235227502962,0.977315206936072,0.968749437246102,1.71890025000079e-11,0.0327105050303649,5.25488753048952e-10,1437683.4122234,2877868.28749327,4,5,0,484,493,447314.73422281,3347238.6906731,1036739.27138856,6214179.30972688,,345959111.743255,,287735514.934642,CLCA
IL6ST,TP53,1746829.66380633,619881.534895129,0.001,961840.773799452,0.93072334840836,0.963296218462188,0.899236551384882,0.965674025974947,1.16495387548148,0.828937562507207,1437683.4122234,621436.350437663,3,146,1,343,493,542217.330158064,4059251.75277861,524172.67309361,726743.997450376,,6695672.17884394,52267.0487225424,5458517.98042757,CLCA
JAK1,NFIC,1592780.58098032,294526.376280918,0.001,0.001,0.94804067595812,0.947388314560547,0.898164500263128,2.25860529823145e-10,0.10905173462466,2.07113193201854e-09,1588492.62566673,289260.205694588,20,3,0,470,493,992704.214210173,2396493.7450803,73244.7800231128,763749.950764208,,65078598.2806252,,10564952.1306184,CLCA
JAK1,P4HA1,1510342.47471904,198384.270213741,75614712.3151543,0.001,0.691420693202764,0.986245661141166,0.121847284698476,1.00947010741376,0.0707000719695085,14.2782048064834,1588492.62566673,193930.284383822,19,1,1,472,493,928913.562896261,2294984.3072804,32986.7451075913,612593.643105005,3713006.13579588,,,13322369.4597963,CLCA
JAK1,PIK3CA,1595630.51945347,657001.208605632,0.001,0.001,0.915192236892014,0.91144439065395,0.834152033525365,1.68739696694564e-10,0.151360680104217,1.11481856832554e-09,1588492.62566673,641912.398767851,20,4,0,469,493,994476.424766167,2400792.65082958,203963.017632359,1526319.97260563,,37855640.9091957,,13701842.8660372,CLCA
JAK1,STAT3,1603806.51610251,2962342.68495583,0.001,0.001,0.8279497029035,0.866409632193707,0.717375302285215,1.42356731654483e-10,0.2807110956211,5.07128980204738e-10,1588492.62566673,2877868.28749327,20,5,0,468,493,999553.260031596,2413156.6621359,1062234.53347107,6367589.04266004,,17446240.720234,,40115588.8921529,CLCA
JAK1,TP53,1817588.46882538,640149.095633895,470528.67826423,0.001,0.268644090729192,0.176960170858717,0.0101910179076141,1.03329627872405,6.34061660234416,0.162964636332377,1588492.62566673,621436.350437663,19,146,1,327,493,1117508.21271271,2763351.22775261,541533.244917958,750249.957592758,26816.4166117334,2080271.25157759,,517365.868219405,CLCA
NFIC,P4HA1,289789.693442309,194666.569561572,0.001,0.001,0.994553652119079,0.992412205108053,0.987007218123738,5.31717899961495e-11,0.0122892954143809,4.32667522451515e-09,289260.205694588,193930.284383822,3,2,0,488,493,72066.8254014927,751451.65780098,32369.7323668718,601116.542951024,,125398037.220375,,55598916.4288081,CLCA
NFIC,PIK3CA,290242.607877603,644605.502770225,0.001,0.001,0.989900874971601,0.983424564828625,0.973492958960275,6.02563934078843e-11,0.0238715911118861,2.52418840141249e-09,289260.205694588,641912.398767851,3,4,0,486,493,72179.7866751634,752630.735843371,200116.623589972,1497482.65118348,,60330211.6286821,,84009193.7366974,CLCA
NFIC,STAT3,290155.394306068,2885308.15019051,0.001,0.001,0.990790047075248,0.987212606664911,0.978120536974342,4.52522664522517e-11,0.0236460160773676,1.9137374475341e-09,289260.205694588,2877868.28749327,3,5,0,485,493,72158.1058722937,752404.192431466,1034650.10921221,6201591.5526622,,66103809.6338402,,500317184.784268,CLCA
NFIC,TP53,347363.344721289,618828.067303644,0.001,1542865.67521777,0.923564518545806,0.908995116146282,0.907938937487772,1.027357669257,0.864247399379872,1.18873099299363,289260.205694588,621436.350437663,2,146,1,344,493,86376.4526215746,900958.068120789,523288.17134206,725499.67897817,,1860370.25961621,81987.8221877813,10588627.4673688,CLCA
P4HA1,PIK3CA,194908.070805402,644021.378059526,0.001,0.001,0.99000868585487,0.986996321593723,0.977135059948032,6.39123532743258e-11,0.0189168479070516,3.37859423453424e-09,193930.284383822,641912.398767851,2,4,0,487,493,32409.1361447353,601850.237381918,199935.453569114,1496125.79927306,,41951469.5638859,,116185202.951414,CLCA
P4HA1,STAT3,194694.508800875,2882221.24140675,0.001,0.001,0.992171771115309,0.992508057014075,0.984738539975681,4.46021710233738e-11,0.016132805266599,2.76468786961169e-09,193930.284383822,2877868.28749327,2,5,0,486,493,32373.6877215365,601189.772590872,1033541.97658529,6194935.19896483,,52823782.7947151,,906781740.14861,CLCA
P4HA1,TP53,224943.774555771,622842.349575809,0.001,0.001,0.743595133381016,0.739767606180632,0.550134803111334,2.10565945235608e-09,0.565084676533879,3.72627243278262e-09,193930.284383822,621436.350437663,2,147,0,344,493,37401.4235364647,694691.081899092,526979.386083194,729809.369805397,,1355803.90783439,,4675113.22895615,CLCA
PIK3CA,STAT3,645306.961014617,2888519.96231324,0.001,0.001,0.979250498362386,0.981784713063018,0.961413561468302,3.57299963270677e-11,0.0372037647400607,9.60386578528003e-10,641912.398767851,2877868.28749327,4,5,0,484,493,200330.216085093,1499082.40533922,1035800.67183522,6208505.86523105,,64228986.3762133,,340114443.590292,CLCA
PIK3CA,TP53,747401.665737109,624727.5161959,0.001,0.001,0.545013888958647,0.491231784421615,0.267825402607846,2.10043121784409e-09,1.15057012553084,1.82555688804715e-09,641912.398767851,621436.350437663,4,147,0,342,493,232007.981949547,1736598.22452178,528574.180117053,732048.671859548,,2193547.87917576,,1778292.78363009,CLCA
STAT3,TP53,3389404.35681772,627763.037826261,0.001,0.001,0.444801798752314,0.259636510696444,0.115686254204122,1.99230112962745e-09,1.65132487164044,1.20648647873164e-09,2877868.28749327,621436.350437663,5,147,0,341,493,1215165.45799157,7287765.51533985,531116.161061987,735646.306343561,,7415636.9658276,,907548.149508045,CLCA
CTNNB1,F5,13886.4311087291,3129.15378685875,0.001,0.001,0.6808933279008,0.604076651628512,0.411402423099367,2.06312392856799e-07,0.884427799598408,2.33272170945418e-07,13817.4340426639,2757.62868161908,83,4,0,283,370,11103.0264494797,17102.9380956207,971.335665029287,7270.85053527275,,74479.7082595393,,11219.2324562248,TCGA
CTNNB1,GNAS,13861.6857046126,1794.6783717942,0.001,8058.63847182018,0.97048467361712,0.919153789829012,0.822976051893385,1.15708398144735,0.670979365895885,1.72447028963763,13817.4340426639,2423.52333279258,82,2,1,285,370,11082.9994483088,17071.8395006357,298.431020536794,5543.00307500733,,206996.472701673,458.809427523693,35801.3767886834,TCGA
CTNNB1,JAK1,13845.5676645561,1500.04974082856,0.001,32454.1141112146,0.994336040584438,1,0.0951488384401677,2.59332994062658,0.828702970613862,3.12938414919107,13817.4340426639,5275.51646601262,80,1,3,286,370,11070.5380441451,17052.3041623408,85.5858768125228,6606.21026963476,,703727.737383957,8009.47135248517,85578.6772595459,TCGA
CTNNB1,PIK3CA,13935.2029642901,9184.55286262548,0.001,0.001,0.516783983137795,0.520997212894273,0.269346500681376,1.17572608531336e-07,1.08468195067882,1.08393624931028e-07,13817.4340426639,8058.13304442249,83,5,0,282,370,11141.7680618497,17163.4569374652,3293.1508494676,19744.9018064976,,42194.167329269,,25390.2654003963,TCGA
CTNNB1,TP53,13589.8003607536,6394.77961494657,18478.5811287107,0.000999999999976353,0.959635940380526,0.90676124148794,0.58424393609306,5.08098814484841,7.10694375085032,0.71493293361728,13817.4340426639,5636.80536056881,78,27,5,260,370,10784.5187610461,16846.9434973684,4425.04120701723,8878.46721981796,6505.0552222314,41176.0105807527,,8308.59090766663,TCGA
CTNNB1,TTN,13716.2690491401,2629.41721786276,33239.5063195796,0.001,0.945904839336776,0.958863575306756,0.943189900511577,1.00572201423738,0.855619427220993,1.17543148535548,13817.4340426639,2307.56602199195,82,3,1,284,370,10950.2617497388,16911.7650791388,816.367898076623,6111.10617316739,1806.65504640896,187151.449670277,,15764.9588218274,TCGA
F5,GNAS,2767.75068315527,2429.71284514849,0.001,0.001,0.985479642441615,0.992415078211821,0.978004994091506,1.21576782949806e-08,0.0311532002240717,3.90254555151174e-07,2757.62868161908,2423.52333279258,4,3,0,363,370,859.239663168851,6429.80892247249,604.237111957663,6300.5685638303,,415694.957612895,,719272.223946863,TCGA
F5,JAK1,2771.64442961571,5344.18749620648,0.001,0.001,0.980040798456957,0.949823714236252,0.930867131202338,1.45337257753848e-08,0.0517760060864196,2.80703879536914e-07,2757.62868161908,5275.51646601262,4,4,0,362,370,860.459695804098,6438.954383153,1659.02522411829,12415.3237964843,,289025.638194802,,221445.298058147,TCGA
F5,PIK3CA,2776.29732544141,8127.90873804332,0.001,0.001,0.973519817108354,0.957950776367384,0.932585223460634,1.39334721286841e-08,0.0565151075904528,2.46544202475125e-07,2757.62868161908,8058.13304442249,4,5,0,361,370,861.890310355043,6449.68449826621,2914.62676176935,17469.522014186,,212876.64460713,,398335.700782685,TCGA
F5,TP53,2873.17326870556,5294.91541546507,0.001,151971.493981004,0.939577758093576,0.449038467093101,0.0427310168680631,2.42058568234278,0.331865615811265,7.29387308301138,2757.62868161908,5636.80536056881,2,30,2,336,370,891.957474871247,6675.10230786879,3618.80750278129,7422.92082462875,,56084.3889707469,21611.5846682047,957682.682441771,TCGA
F5,TTN,1381.86745583037,2323.10466731429,489949.067659567,0.001,0.207631706153134,0.984242982973789,0.000681430196000728,2.25221733284277,0.0472113511830022,47.7049962860129,2757.62868161908,2307.56602199195,2,2,2,364,370,229.773974085435,4267.0110361962,721.198500499916,5396.85657899716,70685.450547163,2863165.37039066,,322173.363726035,TCGA
GNAS,JAK1,2436.24048444969,5295.8935289224,0.001,0.001,0.984467258444459,0.9847377178649,0.96944232189017,8.78134058740834e-09,0.0289241828801999,3.03598570918303e-07,2423.52333279258,5275.51646601262,3,4,0,363,370,605.859498089356,6317.51798953545,1644.10145840876,12302.8782988276,,326700.120085473,,757402.171863891,TCGA
GNAS,PIK3CA,2438.70683201766,8092.52681727842,0.001,0.000999999999976353,0.981484790785388,0.97898004088009,0.960854447132334,1.04550132167154e-08,0.0386160946228038,2.70742376173417e-07,2423.52333279258,8058.13304442249,3,5,0,362,370,606.475181751494,6323.95151289092,2901.97484248543,17393.3259282937,,270442.61097716,,827168.186177799,TCGA
GNAS,TP53,2506.90719336985,5666.96298223585,0.001,0.001,0.903897058716683,0.845754793760637,0.764491252769297,8.56540318880383e-08,0.280856482403791,3.04974381060903e-07,2423.52333279258,5636.80536056881,3,32,0,335,370,623.425677913977,6500.98104322951,3922.98332078555,7864.46484787286,,47409.6880210377,,72695.2144115159,TCGA
GNAS,TTN,2434.92594041958,2317.43226087129,0.001,0.001,0.98605710398682,0.983125671991998,0.969418324488981,1.30012959031513e-08,0.0304848930196791,4.26483238591602e-07,2423.52333279258,2307.56602199195,3,4,0,363,370,605.534276990203,6314.11774412864,719.441149551924,5383.61664792925,,365201.530247558,,297167.895650122,TCGA
JAK1,PIK3CA,5309.31275815283,8095.62536365929,0.001,0.001,0.974850188457631,0.977143545913305,0.95256901168045,1.01826333554281e-08,0.0641505726435952,1.5873020202018e-07,5275.51646601262,8058.13304442249,4,5,0,361,370,1648.26063953178,12334.0676975768,2903.07280775234,17399.8959684932,,432600.971860987,,737091.831031814,TCGA
JAK1,TP53,5529.57750696153,5666.3909788164,0.001,0.001,0.828993778706016,0.84869906776799,0.703583522807429,6.11739166406222e-08,0.319314470950895,1.91578904828368e-07,5275.51646601262,5636.80536056881,4,32,0,334,370,1716.5566694619,12847.0619679938,3922.6123981171,7863.65499499788,,56171.9030280783,,72180.0996024026,TCGA
JAK1,TTN,5301.45424131749,2318.43343213518,0.001,0.001,0.98061501446818,0.981429237423968,0.96240455609537,1.79562466770533e-08,0.0569630643714389,3.15226136009223e-07,5275.51646601262,2307.56602199195,4,4,0,362,370,1645.82914108294,12315.8320185032,719.754227212694,5385.95527266433,,575994.902924631,,259963.97213624,TCGA
PIK3CA,TP53,8408.15621384493,5671.31521505016,0.001,0.001,0.808965247138721,0.826078514047418,0.668290023933093,6.79677365222897e-08,0.430442394432154,1.57902050080253e-07,8058.13304442249,5636.80536056881,5,32,0,333,370,3015.07061504662,18072.8479367511,3926.00362368499,7870.46891171992,,75349.3177233911,,60665.3843032858,TCGA
PIK3CA,TTN,8101.01962101091,2321.38213035836,0.001,0.001,0.97389064279889,0.976454131830095,0.950960040352113,1.73435030503821e-08,0.061550940655498,2.81774784685324e-07,8058.13304442249,2307.56602199195,5,4,0,361,370,2905.00966209202,17411.5551051654,720.671572431559,5392.83342022509,,646104.489687801,,200896.558421286,TCGA
TP53,TTN,5668.58393646366,2410.17262409886,0.001,0.001,0.838257177777282,0.840489838849784,0.704564188364991,1.07220372751789e-07,0.339081841243699,3.16207946608175e-07,5636.80536056881,2307.56602199195,32,4,0,334,370,3924.14760815962,7866.76268484324,748.253833091044,5599.76059601827,,67012.0713950696,,26369.682658303,TCGA
